method,family,cases,cdmean_gain,pa_gain,pa_gain_se,ndcg_gain,win_rate_pa,mean_rank_cd,mean_rank_pa,median_seconds
"TSOpt robust CDmean, no stratification",TSOpt,30,0.0547917277292911,0.0739604464110992,0.012676532181517,0.0373902382742791,0.933333333333333,4.45,5.23333333333333,0.0269999999999016
TSOpt default (v0.5.0),TSOpt,30,0.0544170845800383,0.071557076345944,0.0131689302324276,0.0333384302737099,0.9,5.08333333333333,5.7,0.0305000000000036
TSOpt CDmean without fixed intercept,TSOpt,30,0.0542964134580319,0.071441949494896,0.0126998762664801,0.0344146012726288,0.866666666666667,5.46666666666667,6.26666666666667,0.0260000000000105
TSOpt coverage,TSOpt,30,0.0467321381661318,0.07027726935529,0.0115017778868785,0.0278591906704874,0.9,8.03333333333333,5.7,0.105499999999978
TSOpt greedy only,TSOpt,30,0.0551019178151093,0.0699218627606475,0.0132006619895292,0.0375351610550209,0.866666666666667,3.3,6.41666666666667,0.0145000000000551
GA+SA from random start (TrainSel-style),Other packages,30,0.0536296818000526,0.0664487706946637,0.0122398340454426,0.0282137453493513,0.866666666666667,6.46666666666667,7.66666666666667,4.81099999999998
TSOpt greedy + exchange,TSOpt,30,0.0555708457515686,0.0628121423267083,0.0128574223340036,0.0326430664131556,0.833333333333333,1.68333333333333,7.78333333333333,0.021999999999963
TSOpt CDmean h2 = 0.5 (one assumed heritability),TSOpt,30,0.0555740538273711,0.0618006129176402,0.0123937021206575,0.0318234639251659,0.833333333333333,1.65,7.83333333333333,0.0519999999999641
STPGA GA (CDMEAN),Other packages,30,0.0292263915594847,0.052133309937053,0.00995307162424432,0.0349550665948562,0.833333333333333,9.5,7.26666666666667,118.162
TSDFGS r-score,Other packages,30,0.027568961262992,0.0471934043171905,0.0108278182798536,0.0230844650171035,0.866666666666667,9.8,8.03333333333333,39.6745
TSOpt worst-case CD (cdmin),TSOpt,30,0.0203886074043524,0.032475212895096,0.012253833963627,0.00850443503496855,0.7,11.1666666666667,9.06666666666667,0.311499999999995
TSOpt D-optimality,TSOpt,30,-0.0434426338821433,0.00806538619157468,0.0103535367486583,0.00162012079143528,0.566666666666667,15.8666666666667,11.4666666666667,0.0920000000000982
Stratified random (dataset clusters),Baselines,30,0.00185305004196164,0.00717921487855458,0.0104872499095173,-0.00289585305684595,0.6,13.2666666666667,11.6333333333333,0
PAM medoids,Baselines,30,0.00512614460575708,-0.0110760665990939,0.0114182419103897,0.00479743486111585,0.5,12.6,11.3333333333333,0.108999999999952
TSDFGS CD,Other packages,30,-0.0719285167098375,-0.093152943503248,0.0231634286310187,-0.0226233890077494,0.266666666666667,15.6666666666667,14.8333333333333,1.56299999999993
Most related to target,Baselines,30,-0.144417181028626,-0.119396913885941,0.0316099978604045,-0.0324977909705057,0.266666666666667,15.3666666666667,14.1666666666667,0.0934999999999775
