versus,cases,pa_advantage,se,default_wins,p_sign
Most related to target,33,0.180573831919929,0.0281636673462707,0.848484848484848,6.61876983940602e-05
TSDFGS CD,33,0.157836243851007,0.0194278151828152,0.96969696969697,7.91624188423158e-09
PAM medoids,33,0.0791389160713371,0.0157868788361723,0.818181818181818,0.00032406346872449
Random,33,0.0664674429742577,0.0123013724436793,0.878787878787879,1.09286047518253e-05
Stratified random (dataset clusters),33,0.0598150196718216,0.0145861519715944,0.818181818181818,0.00032406346872449
TSOpt D-optimality,33,0.0593588618922617,0.0129313028033219,0.848484848484848,6.61876983940602e-05
TSOpt worst-case CD (cdmin),33,0.0387865823582031,0.0133691260952006,0.727272727272727,0.0135309868492186
TSDFGS r-score,33,0.0236630801978949,0.00810841308175001,0.636363636363636,0.16275565745309
STPGA GA (CDMEAN),33,0.0195605181769983,0.0103141126397996,0.575757575757576,0.486850241664797
TSOpt CDmean h2 = 0.5 (one assumed heritability),33,0.00860063819520659,0.00583571869398343,0.696969696969697,0.0350820333696903
TSOpt greedy + exchange,33,0.00787707579585592,0.00566164482877097,0.696969696969697,0.0350820333696903
GA+SA from random start (TrainSel-style),33,0.00558900863227043,0.00529009128483928,0.696969696969697,0.0350820333696903
TSOpt coverage,33,0.00553476965852758,0.00571171227090753,0.545454545454545,0.728332480881364
TSOpt greedy only,33,0.00209449880969855,0.00282474398496236,0.515151515151515,1
TSOpt CDmean without fixed intercept,33,0.000328268266472916,0.00566290388379225,0.575757575757576,0.486850241664797
"TSOpt robust CDmean, no stratification",33,-0.00218488187741384,0.00206672554856211,0.151515151515152,0.7744140625
