method,Maize,Rice,RicePS,Sorghum,Spruce,Switchgrass
GA+SA from random start (TrainSel-style),0.0335191152999924,0.136144336048299,0.0769990708200508,0.0838934561341693,0.00517507081522289,0.00168787517080686
Most related to target,0.0176952896151638,0.0324238416373087,-0.268801910357993,-0.0759712530573765,-0.0612011395429718,-0.302330537266809
PAM medoids,-0.0738973254777235,-0.00554638261751608,-0.014916229073889,0.0139353383875236,-0.0286255380769348,0.0250442657861352
STPGA GA (CDMEAN),0.0414951462328677,0.108107544115494,0.051263439641875,0.0430135578347463,-0.00535692660067778,0.0167868618602825
Stratified random (dataset clusters),0.0147669232725354,-0.00292812858217176,-0.00588279551267752,0.0220656634865115,0.00138450754125088,0.00787441172857535
TSDFGS CD,-0.0651939152696752,-0.0134903224447848,-0.100759066015622,-0.00301257162751852,-0.0735273746117601,-0.28330884215864
TSDFGS r-score,0.00260032101648301,0.108584868755053,0.0523464069851227,0.060051989327528,-0.00108605263191478,0.0123834355017654
TSOpt CDmean h2 = 0.5 (one assumed heritability),0.036212815841042,0.131024064968405,0.0426433165587275,0.083833784500984,0.0185287233931599,0.015289082719042
TSOpt CDmean without fixed intercept,0.0279944745596467,0.139837008320467,0.082025243193205,0.0889913107343427,0.0131114268366722,0.0183617106668185
TSOpt D-optimality,0.0648293490411667,-0.00764165981130879,-0.000231186928980174,0.0296287935384531,-0.00245947001379079,-0.0462583648814575
TSOpt coverage,0.0497409265915275,0.136491958881032,0.063455197220638,0.0792040874130247,-0.0325132870798695,0.0224941766702276
TSOpt default (v0.5.0),0.0408752222430722,0.141595275108734,0.0732845926799848,0.0876548196618593,0.0155711092573945,0.0143754720360694
TSOpt greedy + exchange,0.0362128158410235,0.136081712014598,0.0426433165578943,0.083833784500984,0.0163726156953355,0.0152890827190422
TSOpt greedy only,0.036032979255626,0.135806372484521,0.0705348366170236,0.0922903677899893,0.00888375820367555,0.0149447576560774
"TSOpt robust CDmean, no stratification",0.0408752222430722,0.141595275108734,0.0837720010915508,0.0876548196618593,0.0155711092573945,0.0159049139502795
TSOpt worst-case CD (cdmin),0.055496640524046,0.0916477429872319,-0.018542511846019,0.0163307674601045,-0.0202626621743598,0.0174434253501165
