"ds","r","h2","s","pa"
"Rice",1,"0.1","greedy",0.2726408438975
"Rice",1,"0.1","greedy+exchange",0.2726408438975
"Rice",1,"0.2","greedy",0.266749082533208
"Rice",1,"0.2","greedy+exchange",0.268878670119079
"Rice",1,"0.35","greedy",0.254329835321971
"Rice",1,"0.35","greedy+exchange",0.232404329753104
"Rice",1,"0.5","greedy",0.256140146538777
"Rice",1,"0.5","greedy+exchange",0.256163039818987
"Rice",1,"0.8","greedy",0.230369298042283
"Rice",1,"0.8","greedy+exchange",0.230384365606435
"Rice",1,"0.2/0.5/0.8","greedy",0.293869859905682
"Rice",1,"0.1/0.3/0.5/0.7/0.9","greedy",0.290615940308501
"Rice",1,"random","-",0.20619844774501
"Rice",1,"random","-",0.173745864151842
"Rice",1,"random","-",0.203638735269017
"Rice",1,"random","-",0.0421150627792205
"Rice",1,"random","-",0.273824055266073
"Rice",2,"0.1","greedy",0.231046214961138
"Rice",2,"0.1","greedy+exchange",0.253219987702842
"Rice",2,"0.2","greedy",0.215380863112046
"Rice",2,"0.2","greedy+exchange",0.225595707253134
"Rice",2,"0.35","greedy",0.25126224968917
"Rice",2,"0.35","greedy+exchange",0.260635467834289
"Rice",2,"0.5","greedy",0.25361608768086
"Rice",2,"0.5","greedy+exchange",0.245307716442756
"Rice",2,"0.8","greedy",0.258932493635929
"Rice",2,"0.8","greedy+exchange",0.241713677024444
"Rice",2,"0.2/0.5/0.8","greedy",0.250832895046642
"Rice",2,"0.1/0.3/0.5/0.7/0.9","greedy",0.263484652598949
"Rice",2,"random","-",0.283411611630996
"Rice",2,"random","-",0.17616961479191
"Rice",2,"random","-",0.106894452679687
"Rice",2,"random","-",0.219592810677072
"Rice",2,"random","-",0.25521751904506
"Rice",3,"0.1","greedy",0.430202947196222
"Rice",3,"0.1","greedy+exchange",0.430202947196222
"Rice",3,"0.2","greedy",0.427356499792637
"Rice",3,"0.2","greedy+exchange",0.427356499792637
"Rice",3,"0.35","greedy",0.437436831882625
"Rice",3,"0.35","greedy+exchange",0.441611680970745
"Rice",3,"0.5","greedy",0.455695936064065
"Rice",3,"0.5","greedy+exchange",0.432076648986396
"Rice",3,"0.8","greedy",0.431420597427637
"Rice",3,"0.8","greedy+exchange",0.453571101365171
"Rice",3,"0.2/0.5/0.8","greedy",0.455839632699058
"Rice",3,"0.1/0.3/0.5/0.7/0.9","greedy",0.443090360578647
"Rice",3,"random","-",0.122625497314963
"Rice",3,"random","-",0.21511815236618
"Rice",3,"random","-",0.185871835116377
"Rice",3,"random","-",0.167583126005709
"Rice",3,"random","-",0.165247883645094
"Rice",4,"0.1","greedy",0.318868549584005
"Rice",4,"0.1","greedy+exchange",0.318868549584005
"Rice",4,"0.2","greedy",0.306051557215732
"Rice",4,"0.2","greedy+exchange",0.318329491985617
"Rice",4,"0.35","greedy",0.288802007030459
"Rice",4,"0.35","greedy+exchange",0.287726790716259
"Rice",4,"0.5","greedy",0.305051972443459
"Rice",4,"0.5","greedy+exchange",0.287220834501138
"Rice",4,"0.8","greedy",0.293179725101007
"Rice",4,"0.8","greedy+exchange",0.294520914272789
"Rice",4,"0.2/0.5/0.8","greedy",0.29513348279991
"Rice",4,"0.1/0.3/0.5/0.7/0.9","greedy",0.295133482799904
"Rice",4,"random","-",0.32028266577991
"Rice",4,"random","-",0.211359639821767
"Rice",4,"random","-",0.192408770274667
"Rice",4,"random","-",0.170753720279379
"Rice",4,"random","-",0.225612219295409
"Rice",5,"0.1","greedy",0.399599465198841
"Rice",5,"0.1","greedy+exchange",0.399599465198841
"Rice",5,"0.2","greedy",0.390449968875385
"Rice",5,"0.2","greedy+exchange",0.390449968875385
"Rice",5,"0.35","greedy",0.391009657431721
"Rice",5,"0.35","greedy+exchange",0.394642039094685
"Rice",5,"0.5","greedy",0.40231795171111
"Rice",5,"0.5","greedy+exchange",0.432981722978561
"Rice",5,"0.8","greedy",0.357867757739822
"Rice",5,"0.8","greedy+exchange",0.40526656912841
"Rice",5,"0.2/0.5/0.8","greedy",0.422853257627849
"Rice",5,"0.1/0.3/0.5/0.7/0.9","greedy",0.422853257627848
"Rice",5,"random","-",0.277430658507555
"Rice",5,"random","-",0.159919945915668
"Rice",5,"random","-",0.250659345834431
"Rice",5,"random","-",0.30788568556907
"Rice",5,"random","-",0.322033881403314
