"panel","trait","rep","method","pa_A","pa_HAP","hap_cov","hap_distinct","hap_two"
"Maize","HT",1,"A",0.330566632595588,0.309553150863306,0.93199419815133,0.697925384310444,0.527837730696384
"Maize","HT",1,"HAP",0.339012162830198,0.317961880303239,0.931268967067551,0.695568867550544,0.527066907457164
"Maize","HT",1,"A+HAP",0.343800997785388,0.322063316815874,0.9303457024037,0.693542703607453,0.527837730696384
"Maize","HT",1,"haplotype",0.418344332539921,0.405861549755904,0.953689579687107,0.766859005417786,0.582015592652953
"Maize","HT",1,"random",0.310503020387534,0.290666777565119,0.935155777495892,0.722287803374003,0.549108047394617
"Maize","HT",2,"A",0.425383248832011,0.395860912467371,0.939091293480413,0.724406408853999,0.534285653003882
"Maize","HT",2,"HAP",0.417021525770713,0.377998832747367,0.936045858154434,0.71443279068271,0.525212877764194
"Maize","HT",2,"A+HAP",0.446406232633354,0.415458485186717,0.93748293967469,0.718937005340712,0.531390086438024
"Maize","HT",2,"haplotype",0.403788701290327,0.385490112698221,0.95029357140181,0.760933444866268,0.568131608862579
"Maize","HT",2,"random",0.336644832366332,0.323236265766303,0.933229499510268,0.721360701799541,0.54509147845484
"Maize","HT",3,"A",0.373596734559064,0.353655353053136,0.931951380079963,0.702839866105172,0.535104200410323
"Maize","HT",3,"HAP",0.347538342562901,0.325422934382771,0.930709656010319,0.698650253752295,0.533959615592269
"Maize","HT",3,"A+HAP",0.347538342562934,0.325422934382771,0.930709656010319,0.698650253752295,0.533959615592269
"Maize","HT",3,"haplotype",0.370633802400031,0.349625541383532,0.951123171534546,0.76142965122557,0.571622934888241
"Maize","HT",3,"random",0.272846129550974,0.246810387782702,0.929471143296028,0.71299427707591,0.536844833171364
"Maize","HT",4,"A",0.196308457961194,0.190718418616045,0.936757708590911,0.707614346249618,0.531278668472325
"Maize","HT",4,"HAP",0.170076794537965,0.171258734092863,0.934424123701408,0.699882049713861,0.525839849722598
"Maize","HT",4,"A+HAP",0.170076794538354,0.171258734092318,0.934424123701408,0.699882049713861,0.525839849722598
"Maize","HT",4,"haplotype",0.300526008506438,0.292176064568445,0.95371098872279,0.765934209951509,0.57688611244594
"Maize","HT",4,"random",0.206227462425199,0.184686706938114,0.934248034382911,0.722528504652484,0.547149534751649
"Maize","HT",5,"A",0.131963361286223,0.131565197092757,0.936104733002564,0.708289030657452,0.536394648236754
"Maize","HT",5,"HAP",0.138062299630876,0.136195877151597,0.932805065377843,0.699627857522594,0.529660641502747
"Maize","HT",5,"A+HAP",0.136854874442011,0.135423297394999,0.935433024507994,0.706361864256601,0.534777600567074
"Maize","HT",5,"haplotype",0.240214142973991,0.236111847744195,0.95370563646387,0.766126174020911,0.577618288144604
"Maize","HT",5,"random",0.229736319035317,0.22978718904083,0.937080985029732,0.725549353180932,0.551262626262626
"Maize","HT",6,"A",0.490733271676917,0.472082211214354,0.930543735983772,0.708092179185482,0.533210371218385
"Maize","HT",6,"HAP",0.486304446461404,0.466779026562073,0.930171753988771,0.706502151837012,0.531217536941635
"Maize","HT",6,"A+HAP",0.490733271676917,0.472082211214354,0.930543735983772,0.708092179185482,0.533210371218385
"Maize","HT",6,"haplotype",0.491565965091692,0.485043426361946,0.947561243222702,0.759799868557739,0.568021369967563
"Maize","HT",6,"random",0.34917349113142,0.327961142907672,0.925239647393182,0.705196209374801,0.52902965931014
"Maize","HT",7,"A",0.417387512120694,0.411764508410157,0.933345643528851,0.70898873966718,0.530385541645874
"Maize","HT",7,"HAP",0.452471422987124,0.448857954732195,0.931927294914819,0.704042003861925,0.527304679872426
"Maize","HT",7,"A+HAP",0.452471422987131,0.448857954732485,0.931927294914819,0.704042003861925,0.527304679872426
"Maize","HT",7,"haplotype",0.438166651045473,0.423645029984389,0.951770794863972,0.765333796185806,0.573148770909722
"Maize","HT",7,"random",0.377814573640591,0.368934171446888,0.932977408115095,0.722344926341368,0.544652969126294
"Maize","HT",8,"A",0.364428391511775,0.341543959607289,0.933078030582807,0.702318752968608,0.524223843861997
"Maize","HT",8,"HAP",0.371043315667382,0.346122662118394,0.931354603210285,0.69750421002634,0.520899002547606
"Maize","HT",8,"A+HAP",0.37173247483419,0.351910399242827,0.931847011031006,0.698821192624898,0.522323934539488
"Maize","HT",8,"haplotype",0.320963716223778,0.272019835623524,0.950614706937063,0.759877369489183,0.56938987002893
"Maize","HT",8,"random",0.470780196973632,0.454604952504511,0.932467337839935,0.716995552484995,0.541867092706939
"Maize","HT",9,"A",0.519157493115564,0.49911550607752,0.939297355448867,0.719592729200256,0.530600525653201
"Maize","HT",9,"HAP",0.517730786423674,0.499466565849827,0.939077912833111,0.718952227400225,0.531749011639464
"Maize","HT",9,"A+HAP",0.517730786423687,0.499466565849821,0.939077912833111,0.718952227400225,0.531749011639464
"Maize","HT",9,"haplotype",0.511655242244445,0.493728503738999,0.955429063836392,0.774079554740818,0.5840051240144
"Maize","HT",9,"random",0.334011738406363,0.318993961404839,0.936397501565536,0.729725909402125,0.553627669677761
"Maize","HT",10,"A",0.277018713984949,0.26019930548315,0.932740838270792,0.703076488851256,0.522004385679237
"Maize","HT",10,"HAP",0.275306707351243,0.259001974319913,0.93162756841525,0.700036909181702,0.517770685425216
"Maize","HT",10,"A+HAP",0.280663055354791,0.263557247099199,0.932869292484893,0.70331531296815,0.522156364662715
"Maize","HT",10,"haplotype",0.24580999860131,0.22358695245404,0.953336330598329,0.767298465012267,0.575956924813826
"Maize","HT",10,"random",0.238736546105249,0.216555160980106,0.933869629677205,0.72169174319894,0.544601489394038
"Maize","FT",1,"A",0.558970157762933,0.54024972592244,0.937948586200806,0.720550319575344,0.531123388581952
"Maize","FT",1,"HAP",0.563683728645574,0.553288817764873,0.935269780610907,0.712122196945076,0.525338533203337
"Maize","FT",1,"A+HAP",0.563683728645574,0.553288817764873,0.935269780610907,0.712122196945076,0.525338533203337
"Maize","FT",1,"haplotype",0.661434352243531,0.657737371464057,0.953108859594192,0.766872494854295,0.576253926985159
"Maize","FT",1,"random",0.415602833874206,0.385626672366629,0.929726446046554,0.711437547394648,0.536903910735565
"Maize","FT",2,"A",0.626516347449564,0.580919204540139,0.93016640172985,0.699353635259414,0.520562207183758
"Maize","FT",2,"HAP",0.580038365972362,0.536797384964009,0.928255645295097,0.693453930244664,0.515833767135173
"Maize","FT",2,"A+HAP",0.580038365972362,0.536797384964009,0.928255645295097,0.693453930244664,0.515833767135173
"Maize","FT",2,"haplotype",0.696605172804702,0.643981889822469,0.952102634917067,0.765595176123547,0.575698420961305
"Maize","FT",2,"random",0.501180426205908,0.445266787080796,0.932684104326231,0.717555960437272,0.543701197293077
"Maize","FT",3,"A",0.644314127653904,0.61960980525929,0.935403587083929,0.711605311454172,0.53285112814423
"Maize","FT",3,"HAP",0.590585562015295,0.55020466745501,0.933310853845866,0.703465399978409,0.526481701392637
"Maize","FT",3,"A+HAP",0.634446981644627,0.596695054039079,0.934702441165294,0.707870020511713,0.530303357443593
"Maize","FT",3,"haplotype",0.724452428084885,0.715704326365744,0.952354191086348,0.764827809564936,0.573723415740041
"Maize","FT",3,"random",0.535264209248702,0.517857381702504,0.93131232036481,0.71548310482565,0.538870776206413
"Maize","FT",4,"A",0.537422114114401,0.519090771939044,0.941042191857073,0.727984902679336,0.535011301046718
"Maize","FT",4,"HAP",0.538492723658458,0.52101688848804,0.940311608514373,0.725790524675781,0.532948585723377
"Maize","FT",4,"A+HAP",0.537178413329058,0.518749312288682,0.939763001974984,0.724605560553861,0.532926641943341
"Maize","FT",4,"haplotype",0.582746183074851,0.570174390909686,0.955897386491969,0.775800399376797,0.579579118298918
"Maize","FT",4,"random",0.432033199640568,0.414643556212921,0.934677285548366,0.726102126352285,0.55130236334511
"Maize","FT",5,"A",0.700048956240158,0.68400992055636,0.941151913164951,0.729491093588702,0.542225834083771
"Maize","FT",5,"HAP",0.714406468669476,0.689322249599974,0.940330341420597,0.72538382130071,0.543367963276154
"Maize","FT",5,"A+HAP",0.723362207631166,0.702446390077912,0.942377580457832,0.733071229326363,0.545630257637989
"Maize","FT",5,"haplotype",0.715570466702401,0.701888053800558,0.955509347720205,0.77482483691713,0.58110215467065
"Maize","FT",5,"random",0.366621563913973,0.336916825723901,0.933975604403839,0.72173340068967,0.547062311933054
"Maize","FT",6,"A",0.374365254109107,0.347069162278612,0.934416095313027,0.700989472733023,0.531446256720734
"Maize","FT",6,"HAP",0.383143918814101,0.358820412555296,0.935433024507994,0.703700356933086,0.533502010572448
"Maize","FT",6,"A+HAP",0.374365254109146,0.347069162278647,0.934416095313027,0.700989472733023,0.531446256720734
"Maize","FT",6,"haplotype",0.574619395833361,0.545303834539189,0.9571872808919,0.778181900329824,0.591718248768807
"Maize","FT",6,"random",0.394115855525141,0.35360480508284,0.9368395981524,0.735345411828491,0.560936158677088
"Maize","FT",7,"A",0.490812236415499,0.454568674573897,0.932499986619353,0.706063259509216,0.528778591717746
"Maize","FT",7,"HAP",0.418224292656333,0.407891128533492,0.929425113869309,0.696730239412255,0.522520983277449
"Maize","FT",7,"A+HAP",0.488856503176832,0.453318299967271,0.931798840700718,0.704205198299981,0.52721952886402
"Maize","FT",7,"haplotype",0.643412702091457,0.624837973985458,0.9503551223794,0.761249813126028,0.570980073895308
"Maize","FT",7,"random",0.525239053194865,0.484962646967086,0.932231303221525,0.715362108365547,0.539059863742178
"Maize","FT",8,"A",0.535441235441569,0.526941512648653,0.933784528760363,0.705281836703398,0.532324139592963
"Maize","FT",8,"HAP",0.533595566191262,0.525025464370075,0.932037016222697,0.700002190724473,0.526628255964247
"Maize","FT",8,"A+HAP",0.535441235441569,0.526941512648653,0.933784528760363,0.705281836703398,0.532324139592963
"Maize","FT",8,"haplotype",0.540798434808178,0.528842685267366,0.954695804364232,0.772208469340811,0.582250750323132
"Maize","FT",8,"random",0.397551420065582,0.37374985900153,0.933477844324197,0.722947838850308,0.545617455692597
"Maize","FT",9,"A",0.576832851691169,0.55551596933566,0.935334007717957,0.706754752595389,0.535841085793897
"Maize","FT",9,"HAP",0.492895874574645,0.495242927924473,0.933594523568672,0.700507842344164,0.533706350276392
"Maize","FT",9,"A+HAP",0.576832851691169,0.55551596933566,0.935334007717957,0.706754752595389,0.535841085793897
"Maize","FT",9,"haplotype",0.671877686110092,0.648240270097861,0.956443316901898,0.778391982382814,0.592759875960631
"Maize","FT",9,"random",0.528650581660978,0.490770795362789,0.938735368262175,0.738357826614534,0.561026470720417
"Maize","FT",10,"A",0.446066340715425,0.437520577174032,0.931515170977911,0.707526647813792,0.524951055035893
"Maize","FT",10,"HAP",0.395455268812469,0.380699483469465,0.932283220133057,0.708831846856646,0.5222101370459
"Maize","FT",10,"A+HAP",0.395455268812469,0.380699483469465,0.932283220133057,0.708831846856646,0.5222101370459
"Maize","FT",10,"haplotype",0.535384995715987,0.51567637554132,0.951923334243217,0.767174244072221,0.578311942571242
"Maize","FT",10,"random",0.452111254544257,0.450955529071657,0.933703709650658,0.726338916684794,0.549584511638025
"Maize","YLD",1,"A",0.363688539996017,0.33672500639532,0.933618608733816,0.703779213254072,0.520376848294955
"Maize","YLD",1,"HAP",0.322674494743735,0.308052576391228,0.931247558031867,0.695838787904801,0.515333605167715
"Maize","YLD",1,"A+HAP",0.346928929895737,0.322997161814951,0.933736358430075,0.703521685945447,0.521085048393673
"Maize","YLD",1,"haplotype",0.457040961398177,0.41672950387988,0.952022351033254,0.762366675966264,0.570830740176406
"Maize","YLD",1,"random",0.401820951710996,0.367808413443128,0.93116887982573,0.714900100864863,0.54019786681546
"Maize","YLD",2,"A",0.47021313797901,0.462290678218618,0.932877320873275,0.70809456367796,0.53040636234884
"Maize","YLD",2,"HAP",0.494716923485826,0.481711534743022,0.929042427356466,0.699008606602026,0.523041725678178
"Maize","YLD",2,"A+HAP",0.495271070548434,0.483546844172136,0.931408125799494,0.70534916657588,0.528336420089334
"Maize","YLD",2,"haplotype",0.507351533134001,0.492008971703183,0.952466588523686,0.769822420743,0.578973744416603
"Maize","YLD",2,"random",0.44169640715259,0.406172355688713,0.932169752243935,0.718749319097941,0.543322802048153
"Maize","YLD",3,"A",0.396962741384505,0.369366713898385,0.933249302868276,0.717101562161928,0.522848240945086
"Maize","YLD",3,"HAP",0.395800807024274,0.369634217756788,0.93272478149403,0.714808083430698,0.521290406335194
"Maize","YLD",3,"A+HAP",0.395800807024372,0.369634217756532,0.93272478149403,0.714808083430698,0.521290406335194
"Maize","YLD",3,"haplotype",0.458985729059605,0.446560810647147,0.950922461825013,0.76892119953265,0.574754424683024
"Maize","YLD",3,"random",0.39519900309549,0.381055890022548,0.930361759180462,0.718027608291142,0.544878618719979
"Maize","YLD",4,"A",0.417099672652659,0.393017981175412,0.932189555601942,0.708093651164272,0.520833775551357
"Maize","YLD",4,"HAP",0.375465183980013,0.359363546050463,0.929500045494201,0.699284668124217,0.512852624652417
"Maize","YLD",4,"A+HAP",0.376009464737029,0.36027476679703,0.931865743937229,0.704824775530131,0.517204050009552
"Maize","YLD",4,"haplotype",0.463707840752509,0.447840750402,0.949627215166161,0.760544246566619,0.566237184521662
"Maize","YLD",4,"random",0.394120054749252,0.36684587102631,0.925757746056723,0.70048608605209,0.526021523635669
"Maize","YLD",5,"A",0.486128744988675,0.46139500717865,0.932334066592805,0.700453890334932,0.51883322219115
"Maize","YLD",5,"HAP",0.472090905777225,0.445376484451998,0.931145865112371,0.695656850302235,0.51696173123669
"Maize","YLD",5,"A+HAP",0.486128744988675,0.46139500717865,0.932334066592805,0.700453890334932,0.51883322219115
"Maize","YLD",5,"haplotype",0.488147759623253,0.465201939837218,0.950403292709688,0.75913696302192,0.567212338933465
"Maize","YLD",5,"random",0.443115384052494,0.432358141260011,0.931928900592495,0.71449652591047,0.540331705638135
"Maize","YLD",6,"A",0.39248260623606,0.360990148198042,0.940450767246316,0.729070126660488,0.54931815172779
"Maize","YLD",6,"HAP",0.368785695009803,0.336944798071208,0.938794243110305,0.721435191314709,0.544971093163864
"Maize","YLD",6,"A+HAP",0.381357573729182,0.351162876650734,0.939401724497824,0.72238404166115,0.544309104550068
"Maize","YLD",6,"haplotype",0.392286723614413,0.36148269156173,0.955776960666249,0.781014166556335,0.582792709298733
"Maize","YLD",6,"random",0.322361002557886,0.26820971835465,0.933967576015457,0.729807140650514,0.552866410697736
"Maize","YLD",7,"A",0.274160632252011,0.249292031817641,0.937830836504547,0.720055587417832,0.53445537565624
"Maize","YLD",7,"HAP",0.277007319647029,0.254202474406362,0.937573928076345,0.718467375479772,0.534300966162262
"Maize","YLD",7,"A+HAP",0.276358443002118,0.252079403652267,0.937964642977569,0.719812943927295,0.534874487139895
"Maize","YLD",7,"haplotype",0.296139393164159,0.289970625213776,0.955402302541788,0.776723871707769,0.582939956765342
"Maize","YLD",7,"random",0.363419741263644,0.331814986035106,0.93657037952868,0.72898486786959,0.550840428817223
"Maize","YLD",8,"A",0.314475094291481,0.300549372328989,0.9349861108881,0.713406887328653,0.543341134514655
"Maize","YLD",8,"HAP",0.312335128605921,0.296492949630499,0.933500859037557,0.709372562130837,0.539886325643598
"Maize","YLD",8,"A+HAP",0.314475094291521,0.300549372328935,0.9349861108881,0.713406887328653,0.543341134514655
"Maize","YLD",8,"haplotype",0.345439294202004,0.32896058758104,0.953729721629013,0.774412125264683,0.587206062632341
"Maize","YLD",8,"random",0.380307429565691,0.349598023993195,0.936364852786118,0.737661874512426,0.561466622088488
"Maize","YLD",9,"A",0.303784342781576,0.280643985835622,0.938548039199944,0.719534225704647,0.534116878876918
"Maize","YLD",9,"HAP",0.302452991559949,0.277441067634259,0.935457109673138,0.709174012406138,0.528762650995756
"Maize","YLD",9,"A+HAP",0.303784342781539,0.28064398583562,0.938548039199944,0.719534225704647,0.534116878876918
"Maize","YLD",9,"haplotype",0.386604262881594,0.356572824183718,0.954765383730203,0.771204701273261,0.574730656219393
"Maize","YLD",9,"random",0.363545668786167,0.336620483665326,0.935625705829145,0.725454347589509,0.549544020023942
"Maize","YLD",10,"A",0.450335608879281,0.426977612179948,0.937375894496272,0.722902213777562,0.546286067783129
"Maize","YLD",10,"HAP",0.428927004748135,0.409710307653575,0.936433896926198,0.719632362688348,0.541867350095002
"Maize","YLD",10,"A+HAP",0.450335608879252,0.426977612179938,0.937375894496272,0.722902213777562,0.546286067783129
"Maize","YLD",10,"haplotype",0.416174724769996,0.388915155561856,0.952616451773471,0.770403428924926,0.58355795148248
"Maize","YLD",10,"random",0.459426521170537,0.449604704694671,0.93454508475302,0.730325659493615,0.554027661172728
"Rice","YLD",1,"A",0.166069487534487,0.18113814951154,0.952619672527207,0.582165948275862,0.475484913793103
"Rice","YLD",1,"HAP",0.132386516071301,0.143497494305593,0.954925818956524,0.589709051724138,0.480334051724138
"Rice","YLD",1,"A+HAP",0.144639594326973,0.161907188533637,0.954931309781355,0.590045797413793,0.478380926724138
"Rice","YLD",1,"haplotype",0.221212808667793,0.21065561545718,0.962607482896081,0.647561961206897,0.516702586206897
"Rice","YLD",1,"random",0.10279214881029,0.105639207663765,0.953896838383062,0.610466056034483,0.475309806034483
"Rice","YLD",2,"A",0.0316088085297739,0.0352457234364717,0.952295713862136,0.58638605721802,0.463729036501151
"Rice","YLD",2,"HAP",0.00263826442500161,-0.00122470771542246,0.951378746115241,0.578296612956264,0.465570536007892
"Rice","YLD",2,"A+HAP",0.0478355388355404,0.0603769659956656,0.951329328691756,0.581387701414009,0.460506412364354
"Rice","YLD",2,"haplotype",0.257015537979405,0.267689828748101,0.959461240267513,0.626044064452483,0.504702400526143
"Rice","YLD",2,"random",0.0769670121760163,0.0586887978690622,0.95100097736682,0.598026964814206,0.46792502466294
"Rice","YLD",3,"A",0.257465127654833,0.26935921117629,0.95816540560723,0.620146545230432,0.476477436143258
"Rice","YLD",3,"HAP",0.218569062970294,0.232880582061309,0.957072731465721,0.609600766965692,0.480860097240293
"Rice","YLD",3,"A+HAP",0.266155446672342,0.278360046662571,0.956227144441638,0.607546394576457,0.479353557488187
"Rice","YLD",3,"haplotype",-0.0557964391711432,-0.0563069716577831,0.964144913848958,0.655687187564199,0.525234540847771
"Rice","YLD",3,"random",-0.00196916028510023,-0.000226169186607698,0.955875731652409,0.622036567828528,0.485722111894816
"Rice","YLD",4,"A",0.112279214353074,0.123165736961735,0.952290223037305,0.580400366348293,0.467094073007981
"Rice","YLD",4,"HAP",0.112216853003191,0.126872204219477,0.951905865299085,0.578241528195735,0.467028653670025
"Rice","YLD",4,"A+HAP",0.121557012739271,0.139512622531044,0.95166426900649,0.577521915478215,0.465785686248855
"Rice","YLD",4,"haplotype",0.19132237834714,0.206946220251619,0.959455749442681,0.629203192463692,0.500392516027738
"Rice","YLD",4,"random",0.0928329828451675,0.0880427817265171,0.952109025817858,0.5962580138689,0.465301583147979
"Rice","YLD",5,"A",0.145177126939306,0.143941774619147,0.951609360758173,0.587608473711077,0.452526799387443
"Rice","YLD",5,"HAP",0.133989490159922,0.138256047701634,0.950901044354883,0.584545686574783,0.450548749361919
"Rice","YLD",5,"A+HAP",0.138444958957664,0.13995454578697,0.951653287356827,0.587799897907095,0.455398162327718
"Rice","YLD",5,"haplotype",0.194729942533831,0.21696664170007,0.957912827664972,0.626276161306789,0.495980091883614
"Rice","YLD",5,"random",-0.0468819135995898,-0.0422475543722382,0.944959971886977,0.574323634507402,0.446873404798367
"Rice","YLD",6,"A",-0.144599373690624,-0.155883446882568,0.95089006270522,0.578235631817312,0.454678828857562
"Rice","YLD",6,"HAP",-0.16982192685174,-0.161419321358228,0.950796718683081,0.577661542386936,0.453530649996811
"Rice","YLD",6,"A+HAP",-0.153368951264737,-0.155094202415503,0.951175585596468,0.579128659820119,0.45538049371691
"Rice","YLD",6,"haplotype",-0.0164437089438267,0.0311347639949307,0.957127639714038,0.617401288511833,0.495247815270779
"Rice","YLD",6,"random",0.233106970500702,0.24494890270322,0.947027816518597,0.572163041398227,0.448618995981374
"Rice","YLD",7,"A",0.238863543952814,0.256781916420487,0.95536508494306,0.596034448227518,0.479738300287069
"Rice","YLD",7,"HAP",0.289785413717388,0.317189111939586,0.954903855657197,0.59062687762868,0.480205621203018
"Rice","YLD",7,"A+HAP",0.314617691077706,0.336984189488138,0.955595699585992,0.594365444956272,0.480672942118967
"Rice","YLD",7,"haplotype",0.250968138277655,0.289885118353344,0.960943762972074,0.636090526737432,0.508111355898258
"Rice","YLD",7,"random",0.027352387697117,0.0148090359734067,0.950289366468631,0.598878429801722,0.460911943387409
"Rice","YLD",8,"A",0.20271260725975,0.249255571868411,0.956314997638945,0.603427580688183,0.485929581221659
"Rice","YLD",8,"HAP",0.208477762674862,0.256983500680696,0.956221653616806,0.602627367297946,0.48666311016271
"Rice","YLD",8,"A+HAP",0.20201915063951,0.252030000900153,0.95674877280065,0.605228060816218,0.487530008002134
"Rice","YLD",8,"haplotype",0.0774078130085965,0.117013925833967,0.963573868066461,0.65250733528941,0.516137636703121
"Rice","YLD",8,"random",0.00578692616792121,0.0105248824273055,0.951883901999758,0.602534009069085,0.470912243264871
"Rice","YLD",9,"A",0.22871801965001,0.234185300744066,0.962783189290695,0.640347700108656,0.518000724375226
"Rice","YLD",9,"HAP",0.244559846357762,0.243651977184458,0.961152414315679,0.631075697211155,0.511771097428468
"Rice","YLD",9,"A+HAP",0.232349159650659,0.232421866297131,0.962239597632356,0.639188699746469,0.516262223831945
"Rice","YLD",9,"haplotype",0.295343009641023,0.30738927962091,0.96778533071238,0.680550525172039,0.552336110105034
"Rice","YLD",9,"random",0.0821049793154196,0.076580595278809,0.959428295318523,0.644983701557407,0.50881564650489
"Rice","YLD",10,"A",0.313971664468911,0.341026371717348,0.952400039533939,0.576962809917355,0.455707644628099
"Rice","YLD",10,"HAP",0.327167492106149,0.35273664099536,0.952828323870812,0.57915805785124,0.459517045454545
"Rice","YLD",10,"A+HAP",0.305499918300399,0.335621588298512,0.952345131285622,0.576898243801653,0.45364152892562
"Rice","YLD",10,"haplotype",0.261688564987957,0.302212467142135,0.958461910148142,0.61873708677686,0.49141270661157
"Rice","YLD",10,"random",0.236210990788084,0.236575378584201,0.951746631378966,0.58959194214876,0.460743801652893
"Rice","FT",1,"A",0.267400211488953,0.286558114602297,0.953855108114341,0.586617842876165,0.468708388814913
"Rice","FT",1,"HAP",0.272388816533803,0.287204922484053,0.954733640087414,0.592343541944075,0.471904127829561
"Rice","FT",1,"A+HAP",0.26053096030665,0.273251656287538,0.954508516269314,0.591344873501997,0.470572569906791
"Rice","FT",1,"haplotype",0.154262508668308,0.153653794865218,0.961998001339761,0.63901464713715,0.50439414114514
"Rice","FT",1,"random",0.25967178201421,0.247119136145842,0.954201030078738,0.608082556591212,0.474114513981358
"Rice","FT",2,"A",0.412802118807529,0.458304329090631,0.952224333139324,0.579078130107878,0.460934946060804
"Rice","FT",2,"HAP",0.364957006650773,0.419772946639863,0.951933319423244,0.579470415168356,0.458515854854528
"Rice","FT",2,"A+HAP",0.364957006650773,0.419772946639863,0.951933319423244,0.579470415168356,0.458515854854528
"Rice","FT",2,"haplotype",0.49227019249493,0.561668060894312,0.960268391517774,0.632821183393266,0.500621118012422
"Rice","FT",2,"random",0.363414753578587,0.355275868232032,0.949250502410472,0.588819875776397,0.459274272638117
"Rice","FT",3,"A",0.333437715182226,0.468590630249389,0.954678731839097,0.588282237148367,0.47250116379597
"Rice","FT",3,"HAP",0.30161299143332,0.37111604967069,0.954409681422343,0.586686174103877,0.472966682183946
"Rice","FT",3,"A+HAP",0.334122463873317,0.404793298504502,0.954936800606187,0.589279776551174,0.473432200571923
"Rice","FT",3,"haplotype",0.336158377389387,0.364137462632087,0.961756405047166,0.637028662632174,0.50628449823768
"Rice","FT",3,"random",0.158380693006588,0.182555993094427,0.952602101887746,0.597579304382523,0.46844450355789
"Rice","FT",4,"A",0.39662028609904,0.432245104568129,0.946607219336489,0.563327269305564,0.443886832695565
"Rice","FT",4,"HAP",0.385862724860092,0.386700978890379,0.947848145748454,0.569349476193463,0.445141459130544
"Rice","FT",4,"A+HAP",0.485411716476087,0.502962325036928,0.947172774294154,0.562135374192334,0.444827802521799
"Rice","FT",4,"haplotype",0.396304954917238,0.428669892105867,0.955260759271258,0.609058402860548,0.48177655103193
"Rice","FT",4,"random",0.30133065092407,0.296587676024689,0.946596237686825,0.578182046295715,0.444589423499153
"Rice","FT",5,"A",0.256010246622322,0.2247254746823,0.943301742787802,0.549838026414154,0.431348118614503
"Rice","FT",5,"HAP",0.334006117282464,0.299993584002074,0.944399907754143,0.546660852230252,0.427049588836282
"Rice","FT",5,"A+HAP",0.2649285283419,0.241643998920559,0.942263976894609,0.542798405183155,0.428607027161724
"Rice","FT",5,"haplotype",0.181385873399801,0.156165483195204,0.955178396898782,0.603600797408423,0.474831796660852
"Rice","FT",5,"random",0.13063542638086,0.128915422711732,0.944921536113155,0.567331173685522,0.432494393222028
"Rice","FT",6,"A",0.307801598082425,0.34838019043329,0.951466599312549,0.58048716776595,0.477437471429504
"Rice","FT",6,"HAP",0.33251834477426,0.357140729206347,0.952460438607088,0.582903415398681,0.474237575915888
"Rice","FT",6,"A+HAP",0.267752535853129,0.305659461541339,0.951417181889063,0.578854568014106,0.474760007836479
"Rice","FT",6,"haplotype",0.282206638980576,0.297297632691424,0.959005501806481,0.627767256579377,0.505648795141383
"Rice","FT",6,"random",0.234750435465125,0.239654908538516,0.949999450917517,0.591732514856658,0.455978580291256
"Rice","FT",7,"A",0.48797027074703,0.538341479342911,0.947436333886076,0.556710657370518,0.442355577689243
"Rice","FT",7,"HAP",0.457836121183833,0.496600662509251,0.947859127398118,0.559138446215139,0.444534362549801
"Rice","FT",7,"A+HAP",0.476390704226516,0.515005806477095,0.94763949440485,0.557706673306773,0.440612549800797
"Rice","FT",7,"haplotype",0.306924270496664,0.336147328333913,0.955969075674548,0.610495517928287,0.483316733067729
"Rice","FT",7,"random",0.26105411893027,0.24715967332113,0.947079430272015,0.571190239043825,0.442293326693227
"Rice","FT",8,"A",0.453380027969327,0.46844772367176,0.95423946585256,0.591058823529412,0.477579831932773
"Rice","FT",8,"HAP",0.467615500932778,0.464427507023756,0.953300534806339,0.585882352941177,0.478857142857143
"Rice","FT",8,"A+HAP",0.381750234573411,0.426656816804352,0.95294912201711,0.584806722689076,0.477243697478992
"Rice","FT",8,"haplotype",0.444275502548242,0.489347924746629,0.962805152590022,0.644840336134454,0.513882352941176
"Rice","FT",8,"random",0.281723437138298,0.282353195162283,0.951150327802243,0.600618487394958,0.466756302521008
"Rice","FT",9,"A",0.395058724808289,0.4116587230124,0.952026663445383,0.584154538928408,0.46563988775044
"Rice","FT",9,"HAP",0.460330831254857,0.474139535383879,0.953877071413668,0.592181687659075,0.473079684134961
"Rice","FT",9,"A+HAP",0.454225025350028,0.468801905550725,0.954859929058543,0.596945767800039,0.471578672583698
"Rice","FT",9,"haplotype",0.2384681578615,0.241530061684057,0.961355574834452,0.641192977876395,0.508516609019122
"Rice","FT",9,"random",0.312589346192022,0.315753751606758,0.948893598796411,0.592651569535992,0.461306532663317
"Rice","FT",10,"A",0.30074062424834,0.325158149769828,0.951966264372234,0.580414915616036,0.466213061170035
"Rice","FT",10,"HAP",0.319511186613077,0.33542573677289,0.953728819143212,0.588419718497765,0.472149956640651
"Rice","FT",10,"A+HAP",0.303966288322412,0.315142465562412,0.953602530172082,0.588353011807084,0.471949836568608
"Rice","FT",10,"haplotype",0.31048865007738,0.352900087021066,0.962623955370576,0.64952304716163,0.514175171769728
"Rice","FT",10,"random",0.272111191457794,0.283352146247642,0.953527854954371,0.60433593489427,0.470695750783804
"Rice","HT",1,"A",0.16256292905416,0.217691624750489,0.946684090884133,0.566574724172518,0.448909227683049
"Rice","HT",1,"HAP",0.233506206573418,0.263627648854243,0.949061618036261,0.571150952858576,0.453046639919759
"Rice","HT",1,"A+HAP",0.182125468322516,0.22760324934263,0.947820691624296,0.567703109327984,0.453736208625878
"Rice","HT",1,"haplotype",0.20073169319448,0.261672910215163,0.955875731652409,0.613778836509529,0.480692076228686
"Rice","HT",1,"random",0.0843949002246434,0.0994323398860339,0.943241343714653,0.566123370110331,0.436058174523571
"Rice","HT",2,"A",0.406628441262346,0.412465924365362,0.961026125344549,0.626061925156217,0.499403215614688
"Rice","HT",2,"HAP",0.451492253913072,0.452835418078162,0.95967538243595,0.619391982026259,0.497507547567226
"Rice","HT",2,"A+HAP",0.432819471769713,0.430895300960428,0.960328790590923,0.62332373797655,0.497156497928807
"Rice","HT",2,"haplotype",0.301204134677475,0.304351324500289,0.96627535388366,0.663975286105455,0.541458962297269
"Rice","HT",2,"random",0.217827538130602,0.244351395166709,0.95825545513447,0.635343677596012,0.497521589552763
"Rice","HT",3,"A",0.28436835078292,0.28833434398434,0.950143310528108,0.574525397639815,0.459787070292458
"Rice","HT",3,"HAP",0.247864087259515,0.255142524046563,0.950851626931398,0.575808106721396,0.454784504874295
"Rice","HT",3,"A+HAP",0.320418786008648,0.306238980313811,0.951576415809183,0.579656233966137,0.458760903027193
"Rice","HT",3,"haplotype",0.312666934228756,0.335417989331191,0.957017823217404,0.618329912775782,0.491726526423807
"Rice","HT",3,"random",0.216403183323916,0.223059348442042,0.947307848585014,0.580554130323243,0.447742432016419
"Rice","HT",4,"A",0.402179175587136,0.431006279579162,0.954843456584048,0.604784053156146,0.476810631229236
"Rice","HT",4,"HAP",0.428666191178674,0.447216924116579,0.954283392451214,0.600199335548173,0.467308970099668
"Rice","HT",4,"A+HAP",0.397842929946841,0.412653158753683,0.954091213582104,0.599933554817276,0.46671096345515
"Rice","HT",4,"haplotype",0.311536566624326,0.326606013323693,0.961443428031759,0.642724252491694,0.507109634551495
"Rice","HT",4,"random",0.171127897066763,0.203477347197246,0.950308035273059,0.603827242524917,0.463774086378738
"Rice","HT",5,"A",0.302055099389381,0.32632134559102,0.945931847882189,0.560912132854133,0.455632668236461
"Rice","HT",5,"HAP",0.297217892818006,0.328197368028151,0.946305223970745,0.562213409344405,0.450613458916842
"Rice","HT",5,"A+HAP",0.287145531089111,0.316462174270347,0.946140499225794,0.562895030363118,0.455136943859214
"Rice","HT",5,"haplotype",0.234599041452606,0.295313476546594,0.9541076860566,0.608997397447019,0.481100508117487
"Rice","HT",5,"random",0.115118380234203,0.126149345945805,0.942422112649762,0.562969389019705,0.434266947577147
"Rice","HT",6,"A",0.395536056817937,0.412754796408778,0.951318347042093,0.574602339950046,0.467266990929407
"Rice","HT",6,"HAP",0.382490812247763,0.392908261175957,0.951312856217261,0.573090574470882,0.465492309714736
"Rice","HT",6,"A+HAP",0.410298700060643,0.419997993513743,0.950626503113298,0.569015380570527,0.463651899566189
"Rice","HT",6,"haplotype",0.352639141578088,0.378482316906715,0.959054919229967,0.624293413960826,0.503220717759958
"Rice","HT",6,"random",0.323297689896618,0.329335705450051,0.951158014957007,0.593611147627185,0.460667805968187
"Rice","HT",7,"A",0.513566592724767,0.511606364649429,0.953586057697587,0.591690923524742,0.479690394284202
"Rice","HT",7,"HAP",0.510097451897448,0.506599852107249,0.953004030265426,0.585869277586663,0.473471817941254
"Rice","HT",7,"A+HAP",0.515909078479059,0.512183217774974,0.953097374287565,0.587192378936227,0.477044191585075
"Rice","HT",7,"haplotype",0.355842534871682,0.39129151975059,0.960169556670803,0.631979359618947,0.511180206403811
"Rice","HT",7,"random",0.271160148742845,0.263166344745253,0.949528338146956,0.600648319661286,0.462357766604922
"Rice","HT",8,"A",0.279649193100008,0.28460032779249,0.951927828598412,0.577133804211499,0.466499438906859
"Rice","HT",8,"HAP",0.139817886590406,0.146790771126139,0.950944970953537,0.574955442603472,0.457059871938742
"Rice","HT",8,"A+HAP",0.220678989708498,0.229146265351373,0.951043805800507,0.573173146742359,0.462010693775167
"Rice","HT",8,"haplotype",0.0660807913947085,0.0655734214097662,0.959779708107752,0.62320945276916,0.505181860188791
"Rice","HT",8,"random",0.202983915257728,0.230632357408518,0.951480875457111,0.595696085550201,0.458287675754175
"Rice","HT",9,"A",0.262842389120437,0.263365771197429,0.952065099219205,0.583548720599638,0.453411734298268
"Rice","HT",9,"HAP",0.313596472427061,0.30475178508319,0.952400039533939,0.585357973636599,0.458968725768933
"Rice","HT",9,"A+HAP",0.256676757565252,0.254728866314206,0.952125498292353,0.58497027655725,0.454897906435771
"Rice","HT",9,"haplotype",0.197967591967214,0.228158534805934,0.959197680675591,0.62923235978289,0.492181442233135
"Rice","HT",9,"random",0.0363778417725664,0.053566902576841,0.949421816145221,0.589079865598346,0.45302403721892
"Rice","HT",10,"A",0.359266491626201,0.380973593111476,0.951735649729302,0.582334262199469,0.464778692242888
"Rice","HT",10,"HAP",0.41675704507718,0.442059721688867,0.950747301259595,0.575011340807466,0.457909403149504
"Rice","HT",10,"A+HAP",0.348517295681908,0.371060246494286,0.951043805800507,0.57786274382736,0.462575335363878
"Rice","HT",10,"haplotype",0.279414453785383,0.31288428380999,0.956979387443582,0.618884064545396,0.497958654656212
"Rice","HT",10,"random",0.326756785643081,0.324794780478308,0.948106214515545,0.584045104011406,0.453308275549219
"Sorghum","YLD",1,"A",0.299204726475391,0.288978500816695,0.866392025226325,0.474175892523946,0.3145664883692
"Sorghum","YLD",1,"HAP",0.308429058490548,0.282200335872503,0.866885141500046,0.476775718372932,0.313459385495708
"Sorghum","YLD",1,"A+HAP",0.24240388517955,0.242908973409277,0.866526913534383,0.474424679686528,0.313384749346934
"Sorghum","YLD",1,"haplotype",0.252018795503448,0.235305730870501,0.882888201916741,0.522005224530414,0.336472198034581
"Sorghum","YLD",1,"random",0.322199886998365,0.293244172180276,0.869272885681053,0.496905087697475,0.315855205871377
"Sorghum","YLD",2,"A",0.343675586263038,0.353478295999082,0.861719582686533,0.462403373155306,0.307331927851956
"Sorghum","YLD",2,"HAP",0.285297227853509,0.321008240483302,0.866175319419936,0.474818458655423,0.309218231805797
"Sorghum","YLD",2,"A+HAP",0.359081176133736,0.387320909585685,0.863948556695104,0.467260914056047,0.307073023387703
"Sorghum","YLD",2,"haplotype",0.303463948601099,0.311522805257298,0.882001477137537,0.522432222509894,0.334677170790645
"Sorghum","YLD",2,"random",0.203610339509972,0.211358557294158,0.865572965729525,0.486582584359705,0.309874123115237
"Sorghum","YLD",3,"A",0.357602299388673,0.360661799438936,0.877631980469942,0.491070612058266,0.329414070154811
"Sorghum","YLD",3,"HAP",0.414635612572781,0.43308286542381,0.874715297218647,0.48557057939774,0.32835586909661
"Sorghum","YLD",3,"A+HAP",0.391162502236745,0.396524651791323,0.876294153808052,0.487987458357829,0.330916454373245
"Sorghum","YLD",3,"haplotype",0.2733848397349,0.299559145371274,0.889079796384993,0.526840420667581,0.34750800182899
"Sorghum","YLD",3,"random",0.295612132494264,0.30542975293493,0.879411621622817,0.513512313018486,0.333367300280881
"Sorghum","YLD",4,"A",0.401845035160779,0.370622109889382,0.8576110175001,0.45619512195122,0.305451219512195
"Sorghum","YLD",4,"HAP",0.360030079129511,0.404203449946753,0.859828935089977,0.462560975609756,0.305134146341463
"Sorghum","YLD",4,"A+HAP",0.363670762204221,0.403984385512675,0.860335319066131,0.463451219512195,0.305853658536585
"Sorghum","YLD",4,"haplotype",0.394346904935533,0.348190875317537,0.879372260772269,0.51880487804878,0.330585365853659
"Sorghum","YLD",4,"random",0.239137170335217,0.249939436087208,0.863720352213274,0.485556097560976,0.310053658536585
"Sorghum","YLD",5,"A",0.337278559604088,0.305078896036692,0.866427405766144,0.474641703051383,0.312982560003947
"Sorghum","YLD",5,"HAP",0.213843527839334,0.235707703378492,0.866624210018884,0.477453809911443,0.311354498137596
"Sorghum","YLD",5,"A+HAP",0.243905733198394,0.24750860534037,0.864525701750894,0.470065862502775,0.310861146056883
"Sorghum","YLD",5,"haplotype",0.278973172412997,0.295926885613008,0.879728277454193,0.51492390044155,0.333419669947458
"Sorghum","YLD",5,"random",0.202837495477997,0.196682189230926,0.864145803204593,0.486435284540813,0.310868546338094
"Sorghum","YLD",6,"A",0.374593695569452,0.360000411247976,0.873861741695524,0.483107541989456,0.326299642944611
"Sorghum","YLD",6,"HAP",0.373500405980972,0.360575834467945,0.873583119944453,0.483030201472048,0.323244692506993
"Sorghum","YLD",6,"A+HAP",0.362430917140779,0.349132045639473,0.873198356573925,0.480980677760734,0.326505884324366
"Sorghum","YLD",6,"haplotype",0.38224606216423,0.375251654707928,0.888431890249565,0.528764227432681,0.346227716263422
"Sorghum","YLD",6,"random",0.326192477617821,0.303753566318616,0.872350550388522,0.498802510988799,0.32206138259065
"Sorghum","YLD",7,"A",0.252567164465253,0.260468311993112,0.863559370757099,0.461477006041843,0.307547311129975
"Sorghum","YLD",7,"HAP",0.277021667488911,0.27544713319034,0.862909253337933,0.462126129724871,0.304526389374345
"Sorghum","YLD",7,"A+HAP",0.233381841991652,0.229145407121718,0.867115115008867,0.47418485045189,0.30884555849603
"Sorghum","YLD",7,"haplotype",0.304476511234017,0.299758483960935,0.882423832331622,0.519860688071104,0.337382034253757
"Sorghum","YLD",7,"random",0.267596045934467,0.259973307005524,0.869883642249672,0.491319219054277,0.316010885304839
"Sorghum","YLD",8,"A",0.373790849291717,0.403227948361921,0.861131381212049,0.463362753966896,0.304051245690814
"Sorghum","YLD",8,"HAP",0.419888352073789,0.389097236701668,0.862705815233976,0.471223197476834,0.304100144250752
"Sorghum","YLD",8,"A+HAP",0.384909989740888,0.381234591296515,0.863868950480512,0.472372313635363,0.304894745849735
"Sorghum","YLD",8,"haplotype",0.367888368036747,0.365378126940407,0.879033934360253,0.516075401579423,0.331116598616171
"Sorghum","YLD",8,"random",0.321503025314813,0.323865968861974,0.857746790321653,0.471988459939855,0.303620938363365
"Sorghum","YLD",9,"A",0.400359218358024,0.397290351586813,0.873715796968772,0.484662732729677,0.321777393427612
"Sorghum","YLD",9,"HAP",0.367136144725092,0.384248090364798,0.871652669240601,0.480822057177739,0.318890528029301
"Sorghum","YLD",9,"A+HAP",0.422578674805908,0.424509658327214,0.870947269727968,0.476014854003459,0.318292806999695
"Sorghum","YLD",9,"haplotype",0.51578632825153,0.519771804062226,0.884829709039286,0.517562824295452,0.339276630379489
"Sorghum","YLD",9,"random",0.279725721188239,0.262103548528134,0.874118250609209,0.502805473598535,0.323313663648387
"Sorghum","YLD",10,"A",0.420575997868289,0.422509572617182,0.869401582394643,0.479341398847077,0.316682748212474
"Sorghum","YLD",10,"HAP",0.481114694441989,0.482713580889085,0.870805747568694,0.48551423835325,0.318822830846879
"Sorghum","YLD",10,"A+HAP",0.472244361279935,0.470568750295728,0.870589041762305,0.482829857245355,0.315754966723571
"Sorghum","YLD",10,"haplotype",0.470342608672318,0.457429705759231,0.883109330290607,0.52232860783295,0.334694079517059
"Sorghum","YLD",10,"random",0.24426952403954,0.250473849414998,0.864631401113602,0.488079863430565,0.309530171454019
"Sorghum","MO",1,"A",0.447402231095145,0.432865861079739,0.858037795261661,0.458394001164822,0.30409143855562
"Sorghum","MO",1,"HAP",0.358701156965255,0.341283442553292,0.861089366821014,0.469059405940594,0.304795185400893
"Sorghum","MO",1,"A+HAP",0.396235855980085,0.384295982790329,0.8596586662421,0.462834886429819,0.303302756746263
"Sorghum","MO",1,"haplotype",0.426011023303333,0.422351680192991,0.877574487092737,0.513698796350223,0.326538536206562
"Sorghum","MO",1,"random",0.446200917965917,0.412998213086828,0.861165877238372,0.478865754222481,0.307602892642205
"Sorghum","MO",2,"A",0.551481478561986,0.541570813060153,0.85665132035752,0.459005248091603,0.302647900763359
"Sorghum","MO",2,"HAP",0.568629358623397,0.541763885781105,0.86253333510236,0.474487118320611,0.30868320610687
"Sorghum","MO",2,"A+HAP",0.513750444884516,0.493533194043499,0.85919650794072,0.465875477099237,0.304210400763359
"Sorghum","MO",2,"haplotype",0.530788511680504,0.495728177737182,0.875679416928704,0.513680820610687,0.326717557251908
"Sorghum","MO",2,"random",0.416345779009494,0.40310292844921,0.854634629587861,0.472480916030534,0.300777671755725
"Sorghum","MO",3,"A",0.55109284808328,0.527721121170379,0.862679279829112,0.470012630133291,0.306593420068423
"Sorghum","MO",3,"HAP",0.521960588575949,0.456503136409159,0.866389813942586,0.481710831258967,0.30983065811578
"Sorghum","MO",3,"A+HAP",0.534923270492708,0.481080491088329,0.864525701750894,0.474942060796312,0.306581157803093
"Sorghum","MO",3,"haplotype",0.486256119264826,0.421133392591702,0.880294366091291,0.518558938578313,0.333386469816434
"Sorghum","MO",3,"random",0.445392236274973,0.417321623640195,0.863645610822907,0.484540962097338,0.310213240794104
"Sorghum","MO",4,"A",0.50166448438378,0.503450075639125,0.86711069244139,0.467727584716679,0.315631593664997
"Sorghum","MO",4,"HAP",0.528301320284275,0.54061170884537,0.868831071190069,0.473053359432595,0.315682436383049
"Sorghum","MO",4,"A+HAP",0.500034276251409,0.499298165110747,0.867928867424695,0.471782291481303,0.31594936065282
"Sorghum","MO",4,"haplotype",0.447120193287347,0.450547110453447,0.884102196689266,0.518671988204489,0.338650634262908
"Sorghum","MO",4,"random",0.441500737792681,0.412695940566475,0.872919292566106,0.502132852022269,0.324101990492412
"Sorghum","MO",5,"A",0.501390180969602,0.48829417271363,0.848509373631768,0.443835005050386,0.291994550280708
"Sorghum","MO",5,"HAP",0.460035034121158,0.444824299313445,0.854234387231163,0.460125437504404,0.293309999765098
"Sorghum","MO",5,"A+HAP",0.511225229902301,0.49654088812612,0.85128232344005,0.451351859246905,0.294601959080125
"Sorghum","MO",5,"haplotype",0.438264148725185,0.417060376105189,0.872377970306882,0.509325597237556,0.321286791477767
"Sorghum","MO",5,"random",0.394414983620693,0.381553862917532,0.85449443419883,0.469382913250805,0.298322801907402
"Sorghum","MO",6,"A",0.449799310062666,0.435547902393227,0.860233600014152,0.467727394556663,0.307022246046636
"Sorghum","MO",6,"HAP",0.429052212952394,0.397918867176421,0.860817378921159,0.4682634438732,0.302124704563729
"Sorghum","MO",6,"A+HAP",0.433434770065039,0.409111388124459,0.858984224701808,0.463865402889793,0.304488194732097
"Sorghum","MO",6,"haplotype",0.40082574444183,0.389363047757452,0.877543529120396,0.514960649106991,0.330291659559952
"Sorghum","MO",6,"random",0.385805750465737,0.380784875329523,0.862378102983906,0.486725469652299,0.309663507224483
"Sorghum","MO",7,"A",0.550683496888203,0.551742808062116,0.865726428820988,0.470011671540267,0.314027183393783
"Sorghum","MO",7,"HAP",0.542937425530939,0.538439582048282,0.869726641104227,0.482386014231749,0.316110490581193
"Sorghum","MO",7,"A+HAP",0.548638104743306,0.545609833458442,0.867104058590174,0.473400183230632,0.31398953326389
"Sorghum","MO",7,"haplotype",0.481694202112043,0.479906061632583,0.882667073542875,0.51756378559506,0.336830612065612
"Sorghum","MO",7,"random",0.506314831418977,0.490950809642248,0.866159398177018,0.491969227293834,0.312561338336617
"Sorghum","MO",8,"A",0.392259193799273,0.382321436538888,0.874242082498574,0.485161716339255,0.320702485110922
"Sorghum","MO",8,"HAP",0.401147163164075,0.397283247757425,0.87281138191966,0.485149017765305,0.316956405795629
"Sorghum","MO",8,"A+HAP",0.385384895445864,0.377636721758915,0.874385815941587,0.486329985142668,0.320397719336119
"Sorghum","MO",8,"haplotype",0.427147934575287,0.421773001988788,0.88579825131682,0.522330442291331,0.339140814486533
"Sorghum","MO",8,"random",0.414989689460237,0.396028645793774,0.873809555399292,0.502871147570128,0.323854271165348
"Sorghum","MO",9,"A",0.540502979865355,0.520344805803554,0.865184664305016,0.467743531390689,0.308341166575966
"Sorghum","MO",9,"HAP",0.544825604362227,0.506122903527162,0.866228390229664,0.473098995695839,0.310196408252115
"Sorghum","MO",9,"A+HAP",0.578381924561499,0.55730642503358,0.865522990717031,0.470798496017415,0.308415376243012
"Sorghum","MO",9,"haplotype",0.506514138001689,0.51430738293291,0.880402718994485,0.51356800079157,0.331333795082373
"Sorghum","MO",9,"random",0.448590132885048,0.437344701302803,0.864586733182082,0.48254588631079,0.308947212190175
"Sorghum","MO",10,"A",0.417046708791739,0.386258971038911,0.869299863342665,0.48240286007645,0.3151650852951
"Sorghum","MO",10,"HAP",0.386519082683472,0.350347575498031,0.86862984436985,0.481017355913752,0.314076474881552
"Sorghum","MO",10,"A+HAP",0.408168066115344,0.365663376758636,0.868866451729887,0.480559644717147,0.313816692851046
"Sorghum","MO",10,"haplotype",0.356458571218084,0.33376073297343,0.882235873213836,0.521407276370969,0.334017838366095
"Sorghum","MO",10,"random",0.362466297203785,0.359267049553894,0.864784864205066,0.487239754073011,0.310899711765652
"Sorghum","HT",1,"A",0.457302227003348,0.455601264306246,0.874679916678829,0.486046151063335,0.324207343859014
"Sorghum","HT",1,"HAP",0.472103571722461,0.492675439324854,0.87315855346663,0.481485309697925,0.321481175224166
"Sorghum","HT",1,"A+HAP",0.475889774935458,0.479902773023103,0.871986573085139,0.477105351559472,0.320718881624848
"Sorghum","HT",1,"haplotype",0.471583861075125,0.498315203189257,0.887733124588148,0.528114421561281,0.341649655029846
"Sorghum","HT",1,"random",0.462403582030533,0.450963233020407,0.874924926917072,0.508227602780434,0.326326261660508
"Sorghum","HT",2,"A",0.519780730196303,0.525535269815052,0.864249291283562,0.469651939266573,0.310941716303767
"Sorghum","HT",2,"HAP",0.496491930865564,0.505465415859088,0.86719250993972,0.478505788577042,0.311837049380106
"Sorghum","HT",2,"A+HAP",0.500681168699582,0.501369512642933,0.864523490467156,0.471119290697241,0.309548975962794
"Sorghum","HT",2,"haplotype",0.410136752879714,0.42281268430263,0.883635615820408,0.526033052712735,0.335675292537647
"Sorghum","HT",2,"random",0.414501326377407,0.424550195457478,0.863771211739263,0.490637551761443,0.313301913774451
"Sorghum","HT",3,"A",0.5109849843798,0.536338879635903,0.861392312693211,0.467298681750868,0.302456847369571
"Sorghum","HT",3,"HAP",0.504784007619675,0.515645844168064,0.862261347202505,0.471085916826491,0.30462965210847
"Sorghum","HT",3,"A+HAP",0.520507373607254,0.527607563171973,0.862192797406606,0.470066276613823,0.302687480274817
"Sorghum","HT",3,"haplotype",0.482630872344036,0.489229250560228,0.877906179653536,0.516884756378821,0.3284576727926
"Sorghum","HT",3,"random",0.445369434567679,0.460219672193176,0.861164108211381,0.478694374984827,0.305484207715278
"Sorghum","HT",4,"A",0.506211781741485,0.507311339884361,0.858517643832951,0.462982896782682,0.304712354981462
"Sorghum","HT",4,"HAP",0.544263549410166,0.557194010399656,0.859568003608815,0.46713311804808,0.301303671809592
"Sorghum","HT",4,"A+HAP",0.513080496136906,0.541451737719982,0.858665799843441,0.463568951082406,0.303253199378065
"Sorghum","HT",4,"haplotype",0.559455058681948,0.572661215966021,0.876258773268233,0.51430450903002,0.326133237650999
"Sorghum","HT",4,"random",0.516411570576155,0.51640712508744,0.856599134061288,0.472429135270901,0.299074273412271
"Sorghum","HT",5,"A",0.566565082931483,0.570125899947386,0.8651780304538,0.467809701117037,0.315085035725068
"Sorghum","HT",5,"HAP",0.575561196624043,0.581992807103583,0.867254425884403,0.477319613565462,0.313210727583778
"Sorghum","HT",5,"A+HAP",0.598131698362382,0.606539415277638,0.86509400167173,0.468715407064506,0.312393076381202
"Sorghum","HT",5,"haplotype",0.571583706013065,0.582382469574105,0.883436600283929,0.521057663278656,0.337438361678575
"Sorghum","HT",5,"random",0.493515312862523,0.496613475193286,0.869334801625736,0.496412398108081,0.318179531045587
"Sorghum","HT",6,"A",0.537740622411584,0.548928682909621,0.859260635169141,0.455766038472805,0.305707450444293
"Sorghum","HT",6,"HAP",0.45888362041011,0.455052850120262,0.860594039263554,0.462479250073235,0.304718777463138
"Sorghum","HT",6,"A+HAP",0.53851302809519,0.536380704803966,0.861387890125734,0.463528952250757,0.306146860658139
"Sorghum","HT",6,"haplotype",0.531240270905496,0.51372983117988,0.878158265999743,0.512925983790645,0.327470461868958
"Sorghum","HT",6,"random",0.446857340329023,0.445629995759829,0.862298939026062,0.479909188555805,0.310023435211405
"Sorghum","HT",7,"A",0.359859224323655,0.366783515381162,0.875655092807578,0.489934513703614,0.323091259558063
"Sorghum","HT",7,"HAP",0.358209850704769,0.367760277364223,0.872293941524813,0.482454012790891,0.318776567905332
"Sorghum","HT",7,"A+HAP",0.344834129832528,0.355844483875226,0.871504513230111,0.478956304172996,0.319325478381863
"Sorghum","HT",7,"haplotype",0.345223497675104,0.351147467321465,0.885201204707381,0.521158584066278,0.339660696733344
"Sorghum","HT",7,"random",0.346227385300684,0.335497404058292,0.873346070327668,0.500593589236249,0.321549204079809
"Sorghum","HT",8,"A",0.419962738363095,0.436128051509985,0.868587829978816,0.471381187808999,0.312072094624194
"Sorghum","HT",8,"HAP",0.44391417817208,0.457350681793268,0.870394448793302,0.478039927404719,0.313999624507166
"Sorghum","HT",8,"A+HAP",0.456120003995544,0.467295022120387,0.869609443066078,0.476037298954878,0.311996996057325
"Sorghum","HT",8,"haplotype",0.423694044261409,0.416731395836294,0.882642749421749,0.515126103010201,0.330984417047375
"Sorghum","HT",8,"random",0.321291935676315,0.332153947200508,0.867520664446538,0.487767695099819,0.312732962012642
"Sorghum","HT",9,"A",0.5366445486968,0.558893381417552,0.863041930362253,0.467135041034568,0.311104202934593
"Sorghum","HT",9,"HAP",0.556651598274343,0.577017779527977,0.865682203146214,0.474931609052475,0.312335239990052
"Sorghum","HT",9,"A+HAP",0.551593085942534,0.570402321546363,0.865065254983128,0.472805272320318,0.311328027853768
"Sorghum","HT",9,"haplotype",0.52709582414865,0.535187248293527,0.882698031515216,0.523277791594131,0.332914697836359
"Sorghum","HT",9,"random",0.495201471888924,0.503843002696152,0.863761039834065,0.485923899527481,0.311676199950261
"Sorghum","HT",10,"A",0.521865273992474,0.523163017369501,0.873078947252038,0.483780328823299,0.321241883836019
"Sorghum","HT",10,"HAP",0.442257578040772,0.442766164912957,0.871743331873886,0.481729929501702,0.320571074181422
"Sorghum","HT",10,"A+HAP",0.48220545352313,0.488417921141254,0.871659303091817,0.479147945170803,0.319495247376881
"Sorghum","HT",10,"haplotype",0.472971269881204,0.479407601050147,0.885172458018778,0.521408953410371,0.337733675910339
"Sorghum","HT",10,"random",0.429937253973314,0.439203063492252,0.8681716663792,0.495627080459188,0.316123479603589
"Switchgrass","ST",1,"A",0.694679775372275,0.702579491866283,0.920059166372307,0.63741970468007,0.437661633436223
"Switchgrass","ST",1,"HAP",0.694994485359553,0.697302753359514,0.920489667961851,0.637815967297906,0.438078751981313
"Switchgrass","ST",1,"A+HAP",0.696722891916323,0.70086454692075,0.920481389085129,0.638274797697506,0.438537582380913
"Switchgrass","ST",1,"haplotype",0.6999552710948,0.71153143005169,0.925327291593077,0.64953699841495,0.446379411028614
"Switchgrass","ST",1,"random",0.653486284427298,0.663971253574894,0.914895906923349,0.626562108951364,0.425940602319179
"Switchgrass","ST",2,"A",0.693649552054133,0.684920570953669,0.923398313316849,0.64169798249113,0.437322864400731
"Switchgrass","ST",2,"HAP",0.697324341654901,0.684657085641395,0.924049584952314,0.641844939432746,0.435097516427687
"Switchgrass","ST",2,"A+HAP",0.694161078359947,0.684869686498631,0.923707391381137,0.642684693384838,0.435244473369303
"Switchgrass","ST",2,"haplotype",0.715766792571036,0.709384193461745,0.926704344754504,0.649801608128818,0.441038775638738
"Switchgrass","ST",2,"random",0.699681210782548,0.693476383404908,0.914197169728011,0.622635567778641,0.427585917326223
"Switchgrass","ST",3,"A",0.67407889591083,0.676380083094265,0.918061197456729,0.630639975106317,0.430992635618712
"Switchgrass","ST",3,"HAP",0.663363083193521,0.662128597169204,0.917597580360297,0.6284825225599,0.431801680323618
"Switchgrass","ST",3,"A+HAP",0.675643039586013,0.672905504222235,0.917340935181915,0.628316564671715,0.431718701379525
"Switchgrass","ST",3,"haplotype",0.668425142327081,0.660548440993526,0.923712910632285,0.644995332434395,0.440431490509283
"Switchgrass","ST",3,"random",0.656756354857409,0.655732516588024,0.90795158512893,0.613670781039311,0.414430038377762
"Switchgrass","ST",4,"A",0.691502168229345,0.6977446478892,0.922200635817732,0.640582328473594,0.435864039326079
"Switchgrass","ST",4,"HAP",0.709345134384867,0.707311083370019,0.921325834510774,0.638124448552582,0.434666610646611
"Switchgrass","ST",4,"A+HAP",0.71950520820486,0.720275407459006,0.921452777287178,0.638607621528507,0.435464896432923
"Switchgrass","ST",4,"haplotype",0.714468776573008,0.712040160772774,0.926122063758389,0.651422209150876,0.44014957354733
"Switchgrass","ST",4,"random",0.681388002157032,0.679527718890866,0.915530068880254,0.626305617411033,0.428889542456199
"Switchgrass","ST",5,"A",0.737992335824547,0.724013945934004,0.922840868950901,0.644260010136847,0.440488258151715
"Switchgrass","ST",5,"HAP",0.738987899543887,0.72872531517435,0.922269626457082,0.643732049332658,0.439559047136341
"Switchgrass","ST",5,"A+HAP",0.737193069484473,0.724089308051927,0.922294463087248,0.642950667342457,0.439727994593681
"Switchgrass","ST",5,"haplotype",0.711052630732414,0.694645947617884,0.926019957612151,0.650278763304612,0.442515627639804
"Switchgrass","ST",5,"random",0.701240819930304,0.686424082782214,0.914496865065348,0.627969251562764,0.427466632877175
"Switchgrass","ST",6,"A",0.611451534519627,0.600615398862876,0.91970317467326,0.632555506635637,0.433507348470554
"Switchgrass","ST",6,"HAP",0.592923328423655,0.5904565764663,0.919595549275874,0.63138142860138,0.432123613644464
"Switchgrass","ST",6,"A+HAP",0.603904262338955,0.600156733799042,0.920442754327093,0.634631108874772,0.435582950709688
"Switchgrass","ST",6,"haplotype",0.600517346166084,0.599382194817148,0.92486091487107,0.646371889217351,0.43849718011615
"Switchgrass","ST",6,"random",0.574226109997529,0.582021037892644,0.913023776933946,0.620764408663019,0.424060213430614
"Switchgrass","ST",7,"A",0.687690475651302,0.696483518310141,0.921803249735076,0.640298664423178,0.437080660426964
"Switchgrass","ST",7,"HAP",0.673262289771434,0.6783271503859,0.920729755386789,0.638279524660848,0.437985066778841
"Switchgrass","ST",7,"A+HAP",0.67259816802787,0.677442506179753,0.920150234016249,0.635503207487643,0.435377011252498
"Switchgrass","ST",7,"haplotype",0.729803784369483,0.730222710129708,0.92678437389615,0.651845619939005,0.446797770533179
"Switchgrass","ST",7,"random",0.68346691948012,0.686533118368832,0.912231764394207,0.623792196866127,0.425411715217163
"Switchgrass","ST",8,"A",0.677635204060679,0.679134632889186,0.920945006181561,0.63729762731847,0.429209035979705
"Switchgrass","ST",8,"HAP",0.679114515735013,0.675750974121673,0.921593518191452,0.638266068759342,0.430430114318196
"Switchgrass","ST",8,"A+HAP",0.674421924708901,0.671770397013771,0.921320315259626,0.636602875850018,0.429609044400935
"Switchgrass","ST",8,"haplotype",0.63505679156239,0.639609269472836,0.925216906570117,0.645550432640687,0.43649339986105
"Switchgrass","ST",8,"random",0.661034248021987,0.655159508335852,0.914137009890498,0.625996336764985,0.42955009579149
"Switchgrass","ST",9,"A",0.652159278728218,0.638265656124815,0.920343407806429,0.636255005136161,0.435294857550156
"Switchgrass","ST",9,"HAP",0.635101546699149,0.632819409220403,0.920340648180855,0.637324165111843,0.437223538290602
"Switchgrass","ST",9,"A+HAP",0.646915964243278,0.639504525872522,0.920561418226775,0.638078866271147,0.436951007316408
"Switchgrass","ST",9,"haplotype",0.688997034370168,0.678661931084337,0.924286912751678,0.647827089578835,0.441730781325339
"Switchgrass","ST",9,"random",0.637982658220917,0.622655327044462,0.913785985517485,0.62677092723423,0.426481625123163
"Switchgrass","ST",10,"A",0.599053284376314,0.600526364326573,0.925062367537972,0.648424543946932,0.445847684653655
"Switchgrass","ST",10,"HAP",0.593519035847674,0.594911972209378,0.924347624514306,0.644958965854488,0.446698133265297
"Switchgrass","ST",10,"A+HAP",0.597912361875546,0.597720320134377,0.924333826386436,0.646489773355445,0.444784623889102
"Switchgrass","ST",10,"haplotype",0.645663857076089,0.642226890882353,0.928360120098905,0.655079304333036,0.451439384275205
"Switchgrass","ST",10,"random",0.577836063820065,0.587294028442543,0.912534219357118,0.623242760556193,0.423587192243909
"Switchgrass","HT",1,"A",0.500515854862464,0.505687448540822,0.92370187212999,0.645831135121447,0.441492392428303
"Switchgrass","HT",1,"HAP",0.557163808156673,0.550134649338057,0.922225472447898,0.643172178023509,0.439550931690126
"Switchgrass","HT",1,"A+HAP",0.502409836810791,0.518494445328804,0.92390884404804,0.646548631481208,0.44239981429506
"Switchgrass","HT",1,"haplotype",0.507311254934335,0.507939606048029,0.927794396856235,0.656403655010868,0.449279338215122
"Switchgrass","HT",1,"random",0.486440935163208,0.493266981191984,0.912118067820558,0.623998142950598,0.424605904572984
"Switchgrass","HT",2,"A",0.474674547282433,0.476389542489489,0.922520752384317,0.637341463931059,0.441593088991933
"Switchgrass","HT",2,"HAP",0.402461779851759,0.395108687751964,0.921593518191452,0.633403205657541,0.439200491223613
"Switchgrass","HT",2,"A+HAP",0.413171578686123,0.413366945403784,0.922200635817732,0.636007537741642,0.440068601918313
"Switchgrass","HT",2,"haplotype",0.54105306510728,0.548791977215311,0.927333539385376,0.650659552393656,0.443562218128692
"Switchgrass","HT",2,"random",0.537517004503305,0.532090552367536,0.914982007241257,0.625107455165259,0.424434140041076
"Switchgrass","HT",3,"A",0.513301857467756,0.516208210521577,0.923036802366655,0.636498390648823,0.432682534304591
"Switchgrass","HT",3,"HAP",0.50372071247203,0.502705659112802,0.922840868950901,0.634529053023886,0.43026850753854
"Switchgrass","HT",3,"A+HAP",0.50589537904405,0.508716888888861,0.922327578594136,0.63249618837879,0.429485007623242
"Switchgrass","HT",3,"haplotype",0.565046396241309,0.566077548369888,0.926787133521724,0.646472132813823,0.433720142300525
"Switchgrass","HT",3,"random",0.552744102977947,0.544539602629489,0.917539628223243,0.630632729120786,0.43411824496019
"Switchgrass","HT",4,"A",0.567181340271446,0.542865481263393,0.918996710526316,0.634992834444514,0.428874073150975
"Switchgrass","HT",4,"HAP",0.53605711704202,0.523754932056256,0.918047399328859,0.63177352690718,0.428022514383035
"Switchgrass","HT",4,"A+HAP",0.555691335612345,0.535345201199476,0.919452048746026,0.636218248281305,0.430556420960808
"Switchgrass","HT",4,"haplotype",0.524709836915923,0.521763058170724,0.922959532850583,0.642719172534114,0.436704259870812
"Switchgrass","HT",4,"random",0.478127881249294,0.458629908141276,0.909696772341929,0.616428853303425,0.414887739630714
"Switchgrass","HT",5,"A",0.486604270117673,0.503415233444789,0.921996423525256,0.642903611676565,0.441354850895049
"Switchgrass","HT",5,"HAP",0.501403696347853,0.518106694800045,0.921361709643236,0.640448259218065,0.439130343539485
"Switchgrass","HT",5,"A+HAP",0.487080873325181,0.503884556224117,0.921676306958672,0.64135065371136,0.439822878848293
"Switchgrass","HT",5,"haplotype",0.499694827257608,0.519421527180206,0.92763985782409,0.654823613355438,0.445698936013935
"Switchgrass","HT",5,"random",0.564332010491242,0.567528886341399,0.91440855704698,0.629489412604143,0.428461102600155
"Switchgrass","HT",6,"A",0.532908987546535,0.536310879750999,0.923042321617803,0.640048694017897,0.43803259082075
"Switchgrass","HT",6,"HAP",0.539298889228907,0.541828437166685,0.922777397562699,0.639472054332273,0.437883091642996
"Switchgrass","HT",6,"A+HAP",0.527288546225428,0.528956942424096,0.922829830448605,0.639813766738569,0.43760545031288
"Switchgrass","HT",6,"haplotype",0.558678049559967,0.555592930779301,0.92648081508301,0.6495739273434,0.439847937979198
"Switchgrass","HT",6,"random",0.54951512789449,0.541071793361532,0.916651028788414,0.631903124532815,0.433419473335754
"Switchgrass","HT",7,"A",0.71078301042935,0.698791780343358,0.922211674320028,0.639366057485333,0.44012999620141
"Switchgrass","HT",7,"HAP",0.696099100555107,0.688890268146719,0.921209930236666,0.638775165660744,0.439665724053518
"Switchgrass","HT",7,"A+HAP",0.701960398017859,0.692431991444372,0.920674562875309,0.637002490186975,0.438483940404339
"Switchgrass","HT",7,"haplotype",0.688176356209298,0.6918558681625,0.92666019074532,0.65139492677162,0.448360275186764
"Switchgrass","HT",7,"random",0.579343713608259,0.562890175324114,0.910025167785235,0.619963702359347,0.421284767652893
"Switchgrass","HT",8,"A",0.58200070632584,0.582351387580619,0.920224743906747,0.638082783244074,0.436916178851663
"Switchgrass","HT",8,"HAP",0.522368947725353,0.532630497606406,0.920081243376899,0.638248847926267,0.434570515215677
"Switchgrass","HT",8,"A+HAP",0.521206150367264,0.529859440894521,0.919755607559166,0.63712791132146,0.436023581184872
"Switchgrass","HT",8,"haplotype",0.618402605937538,0.604698052780125,0.925062367537972,0.650433843982231,0.443973927844896
"Switchgrass","HT",8,"random",0.56845003757844,0.570233943386051,0.910851951607206,0.618997799642961,0.419952671565575
"Switchgrass","HT",9,"A",0.624584375570643,0.626430142160373,0.922838109325327,0.638210172948625,0.435622317596566
"Switchgrass","HT",9,"HAP",0.623711842191231,0.628012470494741,0.923246533910279,0.639442485021034,0.437683253303871
"Switchgrass","HT",9,"A+HAP",0.624482317001028,0.625418936527213,0.922658733663017,0.638273913228233,0.435218629159053
"Switchgrass","HT",9,"haplotype",0.630800475707332,0.632752352277446,0.927761281349347,0.654633918327455,0.444333489142906
"Switchgrass","HT",9,"random",0.620384716150818,0.620043315172334,0.913897474390675,0.623932350316577,0.425823311944928
"Switchgrass","HT",10,"A",0.471668259979335,0.469024917819887,0.919590030024726,0.631073044060982,0.428903501424024
"Switchgrass","HT",10,"HAP",0.495367300212644,0.480637958671325,0.920743553514659,0.632664600435584,0.426076394705981
"Switchgrass","HT",10,"A+HAP",0.480505526226021,0.472375951095023,0.920260619039209,0.632643658904339,0.429322332048919
"Switchgrass","HT",10,"haplotype",0.518237228122993,0.505654567983221,0.923649439244083,0.641083095995979,0.433510638297872
"Switchgrass","HT",10,"random",0.450885715537786,0.45434112851031,0.911250441540092,0.614847545652538,0.418713352320322
"Switchgrass","AN",1,"A",0.796361604051167,0.785965479574263,0.920274417167079,0.635988065182465,0.437436100736537
"Switchgrass","AN",1,"HAP",0.825361143649818,0.81499231826885,0.918842171494172,0.6331921463893,0.436664093308573
"Switchgrass","AN",1,"A+HAP",0.802755010019543,0.790613979283713,0.917994966442953,0.631001314499134,0.436184196799299
"Switchgrass","AN",1,"haplotype",0.795873697746331,0.777002240384783,0.92472293359237,0.648214993636155,0.44843199031861
"Switchgrass","AN",1,"random",0.7731694167533,0.763393661846322,0.911136744966443,0.620652241951301,0.421082062303086
"Switchgrass","AN",2,"A",0.808787071834642,0.802940472925025,0.922203395443306,0.64017673912133,0.437931900992587
"Switchgrass","AN",2,"HAP",0.818633173648307,0.816806455551437,0.922363453726598,0.640846840055283,0.437722494450727
"Switchgrass","AN",2,"A+HAP",0.800323214290401,0.79950989289691,0.921977106146238,0.640804958746911,0.437408384637936
"Switchgrass","AN",2,"haplotype",0.816794502294545,0.803315423253347,0.925539782762275,0.647233739582025,0.443983750052352
"Switchgrass","AN",2,"random",0.81061063405125,0.802811530078674,0.911982294242317,0.621158436989572,0.420505088578967
"Switchgrass","AN",3,"A",0.748288649700237,0.737461282609533,0.920669043624161,0.632321109593359,0.432993590417148
"Switchgrass","AN",3,"HAP",0.755690795488247,0.745377373746323,0.921251324620275,0.635305243248923,0.434254491961753
"Switchgrass","AN",3,"A+HAP",0.754133536070463,0.745206583756763,0.921284440127164,0.63547336345487,0.433140695597352
"Switchgrass","AN",3,"haplotype",0.742524433520846,0.73115585923212,0.924576673436948,0.642534412104655,0.437764001260902
"Switchgrass","AN",3,"random",0.741647349769398,0.728691649840556,0.913247858530555,0.622801302931596,0.427668382893769
"Switchgrass","AN",4,"A",0.757946440226169,0.736886955077267,0.922995407983045,0.64127288207748,0.436675180928055
"Switchgrass","AN",4,"HAP",0.758467982735683,0.735245766622794,0.921739778346874,0.637462750106428,0.436441038739889
"Switchgrass","AN",4,"A+HAP",0.755281052852204,0.731308666407489,0.923252053161427,0.641081311196254,0.43688803746275
"Switchgrass","AN",4,"haplotype",0.793782238032126,0.769039364463063,0.926960989932886,0.650893997445722,0.438931460195828
"Switchgrass","AN",4,"random",0.746097491271213,0.724825494102133,0.917008676262805,0.633367390378885,0.432630906768838
"Switchgrass","AN",5,"A",0.711159124426473,0.709178414507397,0.920859457788767,0.638884245716674,0.436147095695779
"Switchgrass","AN",5,"HAP",0.71151038233063,0.711314694784075,0.920451033203815,0.636063518595905,0.435791893021312
"Switchgrass","AN",5,"A+HAP",0.717713733002525,0.71424973680303,0.920633168491699,0.636815712494776,0.436314249895529
"Switchgrass","AN",5,"haplotype",0.720488838813974,0.713170013172592,0.925448715118333,0.649728374425407,0.44206017551191
"Switchgrass","AN",5,"random",0.727967098569621,0.715916859212659,0.912843849346521,0.621968240702048,0.423050564145424
"Switchgrass","AN",6,"A",0.727330011791069,0.719855452382923,0.922035058283292,0.639788273963247,0.438990032655326
"Switchgrass","AN",6,"HAP",0.736464579340569,0.723769681309964,0.922548348640057,0.640449917828101,0.440142573581201
"Switchgrass","AN",6,"A+HAP",0.739928577369839,0.723838387582565,0.923392794065701,0.642648282927454,0.4416792948157
"Switchgrass","AN",6,"haplotype",0.747832896261171,0.731319455243341,0.926475295831862,0.650801442810492,0.441956758371929
"Switchgrass","AN",6,"random",0.738251449390931,0.728296378968432,0.915416372306606,0.633513328922374,0.435472648496361
"Switchgrass","AN",7,"A",0.82567482319092,0.792182268670598,0.922200635817732,0.639722766437043,0.436074069392656
"Switchgrass","AN",7,"HAP",0.824277993231137,0.783622739587041,0.921794970858354,0.637194800817376,0.437106322020687
"Switchgrass","AN",7,"A+HAP",0.831968659230914,0.797567466412004,0.921817047862946,0.637953190503276,0.435884471971181
"Switchgrass","AN",7,"haplotype",0.798856035439469,0.771761928356888,0.925520465383257,0.647095999494407,0.441319598053466
"Switchgrass","AN",7,"random",0.74556907813938,0.719802888579236,0.91450404009184,0.62587794139333,0.427028165750279
"Switchgrass","AN",8,"A",0.833085101855018,0.82697350729244,0.919805280819498,0.635379363782957,0.435299784297711
"Switchgrass","AN",8,"HAP",0.834711743562532,0.823792898648116,0.919650741787354,0.632740675587946,0.434734351113066
"Switchgrass","AN",8,"A+HAP",0.824513021280798,0.820063173893489,0.919140211056164,0.632342778161714,0.435132248539298
"Switchgrass","AN",8,"haplotype",0.816461715740767,0.802193802209266,0.922882263334511,0.642373981696718,0.439613830076857
"Switchgrass","AN",8,"random",0.821690107733207,0.79662157401049,0.91475351024373,0.629117714812255,0.42792402253356
"Switchgrass","AN",9,"A",0.781395344573397,0.772418048118657,0.921519008300954,0.638949305671742,0.440710222519659
"Switchgrass","AN",9,"HAP",0.774678565316762,0.768409739501921,0.921505210173084,0.63857286264012,0.441191233060064
"Switchgrass","AN",9,"A+HAP",0.768683511848972,0.765755115687302,0.922046096785588,0.64055964530701,0.441358541074117
"Switchgrass","AN",9,"haplotype",0.757997372279843,0.760009362136406,0.925942688096079,0.649698845574703,0.446545089509787
"Switchgrass","AN",9,"random",0.744230862081644,0.738560427649213,0.911751589544331,0.622632591601138,0.423527689476326
"Switchgrass","AN",10,"A",0.736988166141826,0.72766746324018,0.920304773048393,0.633199689330171,0.428808329310019
"Switchgrass","AN",10,"HAP",0.737430345003503,0.722278539550109,0.921082987460261,0.634396187997229,0.432397825311195
"Switchgrass","AN",10,"A+HAP",0.739399083695698,0.72604185378796,0.921483133168492,0.636075484372048,0.431222317848821
"Switchgrass","AN",10,"haplotype",0.672017088662046,0.676603775431359,0.923450746202755,0.63937110350763,0.434140095300069
"Switchgrass","AN",10,"random",0.627911838605831,0.615194778188977,0.912717458495231,0.619866076114108,0.420399252713113
