"rep","share","ratio","none","all","best_partial","best_partial_plan","best"
1,0.2,0.05,0.308826990353994,0.301050396073507,0.303844127666957,"50 profiled (targets)","no profiling (genomics only)"
2,0.2,0.05,0.312215148594395,0.303311346473686,0.308084085881219,"50 profiled (phenotyped)","no profiling (genomics only)"
3,0.2,0.05,0.312981759643981,0.302179707414872,0.307926119988987,"50 profiled (targets)","no profiling (genomics only)"
4,0.2,0.05,0.309761125095095,0.30053378357372,0.304750811259342,"50 profiled (targets)","no profiling (genomics only)"
5,0.2,0.05,0.30632266796745,0.299404923247046,0.302535870867114,"50 profiled (targets)","no profiling (genomics only)"
6,0.2,0.05,0.31002925331261,0.302322067072219,0.305614553027106,"50 profiled (targets)","no profiling (genomics only)"
7,0.2,0.05,0.305577407873407,0.297320758809218,0.30102692113484,"50 profiled (targets)","no profiling (genomics only)"
8,0.2,0.05,0.307112251354464,0.298409826549344,0.302149393375315,"50 profiled (coverage)","no profiling (genomics only)"
9,0.2,0.05,0.318188639946016,0.309768845667938,0.313707359392384,"50 profiled (targets)","no profiling (genomics only)"
10,0.2,0.05,0.309057658381758,0.299057448716468,0.304188002990294,"50 profiled (targets)","no profiling (genomics only)"
11,0.2,0.05,0.306330631458932,0.299620569319955,0.303282933982406,"50 profiled (coverage)","no profiling (genomics only)"
12,0.2,0.05,0.309523720767188,0.301018612413709,0.304970287612841,"50 profiled (coverage)","no profiling (genomics only)"
13,0.2,0.05,0.30516624694182,0.296360306555285,0.302182282383634,"50 profiled (coverage)","no profiling (genomics only)"
14,0.2,0.05,0.304849072479869,0.296250272534325,0.302204034869829,"50 profiled (targets)","no profiling (genomics only)"
15,0.2,0.05,0.302123499273846,0.291303445997427,0.296310227848883,"50 profiled (targets)","no profiling (genomics only)"
1,0.5,0.05,0.212890505937164,0.237725791182885,0.220862483103212,"150 profiled (coverage)","profile every line"
2,0.5,0.05,0.211362422805529,0.237408087394516,0.218974964202078,"150 profiled (phenotyped)","profile every line"
3,0.5,0.05,0.214105109704149,0.23857845452183,0.22021487518087,"150 profiled (phenotyped)","profile every line"
4,0.5,0.05,0.208796684849458,0.235701262979504,0.216261656903228,"150 profiled (phenotyped)","profile every line"
5,0.5,0.05,0.208224136487012,0.234081821729031,0.21537869745027,"150 profiled (phenotyped)","profile every line"
6,0.5,0.05,0.211327931564317,0.237116444128602,0.218927729746269,"150 profiled (coverage)","profile every line"
7,0.5,0.05,0.206466539784309,0.232919042065917,0.2163108481294,"150 profiled (phenotyped)","profile every line"
8,0.5,0.05,0.207438498240467,0.23350242506028,0.216034182810886,"150 profiled (coverage)","profile every line"
9,0.5,0.05,0.215190907639815,0.241608903098504,0.222182735273572,"150 profiled (coverage)","profile every line"
10,0.5,0.05,0.209277170194765,0.232856634331019,0.214852708119202,"150 profiled (coverage)","profile every line"
11,0.5,0.05,0.202166380267376,0.230866043418962,0.214076686987485,"150 profiled (phenotyped)","profile every line"
12,0.5,0.05,0.211569877718627,0.234315333705393,0.217374098572465,"150 profiled (phenotyped)","profile every line"
13,0.5,0.05,0.206920772424438,0.233959423535566,0.215279734227993,"150 profiled (phenotyped)","profile every line"
14,0.5,0.05,0.210390091151435,0.233209351748786,0.216947921418584,"150 profiled (coverage)","profile every line"
15,0.5,0.05,0.203898737195375,0.227343441139327,0.209637331878604,"150 profiled (phenotyped)","profile every line"
1,0.2,0.2,0.308826990353994,0.245495803062814,0.294058166297882,"50 profiled (phenotyped)","no profiling (genomics only)"
2,0.2,0.2,0.312215148594395,0.252926740301156,0.297732303354702,"50 profiled (phenotyped)","no profiling (genomics only)"
3,0.2,0.2,0.312981759643981,0.249636097388466,0.296981219989282,"50 profiled (coverage)","no profiling (genomics only)"
4,0.2,0.2,0.309761125095095,0.248696939748913,0.294355259680402,"50 profiled (phenotyped)","no profiling (genomics only)"
5,0.2,0.2,0.30632266796745,0.245883207792828,0.292394821740836,"50 profiled (targets)","no profiling (genomics only)"
6,0.2,0.2,0.31002925331261,0.24859645410201,0.29591970321523,"50 profiled (phenotyped)","no profiling (genomics only)"
7,0.2,0.2,0.305577407873407,0.242954339445,0.292111905789458,"50 profiled (targets)","no profiling (genomics only)"
8,0.2,0.2,0.307112251354464,0.24540643656429,0.293485699280875,"50 profiled (targets)","no profiling (genomics only)"
9,0.2,0.2,0.318188639946016,0.255176363276082,0.302664250880182,"50 profiled (phenotyped)","no profiling (genomics only)"
10,0.2,0.2,0.309057658381758,0.24575006938497,0.294464503027423,"50 profiled (targets)","no profiling (genomics only)"
11,0.2,0.2,0.306330631458932,0.245903419532933,0.292524087550367,"50 profiled (phenotyped)","no profiling (genomics only)"
12,0.2,0.2,0.309523720767188,0.247235715808855,0.293769507434937,"50 profiled (phenotyped)","no profiling (genomics only)"
13,0.2,0.2,0.30516624694182,0.244295232434451,0.291410493256082,"50 profiled (targets)","no profiling (genomics only)"
14,0.2,0.2,0.304849072479869,0.243547090634009,0.291424017189214,"50 profiled (targets)","no profiling (genomics only)"
15,0.2,0.2,0.302123499273846,0.237390782463872,0.286595911322774,"50 profiled (targets)","no profiling (genomics only)"
1,0.5,0.2,0.212890505937164,0.188303756689604,0.201748772720664,"50 profiled (targets)","no profiling (genomics only)"
2,0.5,0.2,0.211362422805529,0.189610679523298,0.199999205725918,"50 profiled (phenotyped)","no profiling (genomics only)"
3,0.5,0.2,0.214105109704149,0.189147805446631,0.200702367393204,"50 profiled (phenotyped)","no profiling (genomics only)"
4,0.5,0.2,0.208796684849458,0.186698288793059,0.197564170867196,"50 profiled (coverage)","no profiling (genomics only)"
5,0.5,0.2,0.208224136487012,0.186616510257784,0.196270319302253,"50 profiled (coverage)","no profiling (genomics only)"
6,0.5,0.2,0.211327931564317,0.188764412555272,0.201184935906643,"50 profiled (coverage)","no profiling (genomics only)"
7,0.5,0.2,0.206466539784309,0.184845402702822,0.196320349155621,"50 profiled (targets)","no profiling (genomics only)"
8,0.5,0.2,0.207438498240467,0.185848035496956,0.196383274634844,"50 profiled (phenotyped)","no profiling (genomics only)"
9,0.5,0.2,0.215190907639815,0.191030733367965,0.20328517868032,"50 profiled (targets)","no profiling (genomics only)"
10,0.5,0.2,0.209277170194765,0.185010808334452,0.195652077339876,"50 profiled (coverage)","no profiling (genomics only)"
11,0.5,0.2,0.202166380267376,0.18275282156954,0.190918276626894,"50 profiled (phenotyped)","no profiling (genomics only)"
12,0.5,0.2,0.211569877718627,0.185920144868912,0.197501812153996,"50 profiled (targets)","no profiling (genomics only)"
13,0.5,0.2,0.206920772424438,0.185031428657034,0.196086373370735,"50 profiled (phenotyped)","no profiling (genomics only)"
14,0.5,0.2,0.210390091151435,0.184363377604555,0.199381386604892,"50 profiled (coverage)","no profiling (genomics only)"
15,0.5,0.2,0.203898737195375,0.17999939058198,0.192334089121408,"50 profiled (targets)","no profiling (genomics only)"
1,0.2,0.5,0.308826990353994,NA,0.269468225467274,"50 profiled (targets)","no profiling (genomics only)"
2,0.2,0.5,0.312215148594395,NA,0.274500101493824,"50 profiled (targets)","no profiling (genomics only)"
3,0.2,0.5,0.312981759643981,NA,0.273295415679673,"50 profiled (targets)","no profiling (genomics only)"
4,0.2,0.5,0.309761125095095,NA,0.272036424549192,"50 profiled (targets)","no profiling (genomics only)"
5,0.2,0.5,0.30632266796745,NA,0.268808875317534,"50 profiled (phenotyped)","no profiling (genomics only)"
6,0.2,0.5,0.31002925331261,NA,0.27178907342715,"50 profiled (phenotyped)","no profiling (genomics only)"
7,0.2,0.5,0.305577407873407,NA,0.266730526160924,"50 profiled (phenotyped)","no profiling (genomics only)"
8,0.2,0.5,0.307112251354464,NA,0.268683123070731,"50 profiled (targets)","no profiling (genomics only)"
9,0.2,0.5,0.318188639946016,NA,0.277299134048179,"50 profiled (phenotyped)","no profiling (genomics only)"
10,0.2,0.5,0.309057658381758,NA,0.269352059513573,"50 profiled (targets)","no profiling (genomics only)"
11,0.2,0.5,0.306330631458932,NA,0.268325268788916,"50 profiled (coverage)","no profiling (genomics only)"
12,0.2,0.5,0.309523720767188,NA,0.27036503194146,"50 profiled (phenotyped)","no profiling (genomics only)"
13,0.2,0.5,0.30516624694182,NA,0.26681560039734,"50 profiled (phenotyped)","no profiling (genomics only)"
14,0.2,0.5,0.304849072479869,NA,0.268079111270893,"50 profiled (phenotyped)","no profiling (genomics only)"
15,0.2,0.5,0.302123499273846,NA,0.261620087391799,"50 profiled (targets)","no profiling (genomics only)"
1,0.5,0.5,0.212890505937164,NA,0.182804231025843,"50 profiled (targets)","no profiling (genomics only)"
2,0.5,0.5,0.211362422805529,NA,0.181594257880689,"50 profiled (targets)","no profiling (genomics only)"
3,0.5,0.5,0.214105109704149,NA,0.183898323423172,"50 profiled (targets)","no profiling (genomics only)"
4,0.5,0.5,0.208796684849458,NA,0.181652760174036,"50 profiled (targets)","no profiling (genomics only)"
5,0.5,0.5,0.208224136487012,NA,0.180180799443378,"50 profiled (targets)","no profiling (genomics only)"
6,0.5,0.5,0.211327931564317,NA,0.182751693058918,"50 profiled (coverage)","no profiling (genomics only)"
7,0.5,0.5,0.206466539784309,NA,0.178811848657247,"50 profiled (coverage)","no profiling (genomics only)"
8,0.5,0.5,0.207438498240467,NA,0.177796494388586,"50 profiled (targets)","no profiling (genomics only)"
9,0.5,0.5,0.215190907639815,NA,0.187071696333946,"50 profiled (targets)","no profiling (genomics only)"
10,0.5,0.5,0.209277170194765,NA,0.179342432639936,"50 profiled (targets)","no profiling (genomics only)"
11,0.5,0.5,0.202166380267376,NA,0.173624356836342,"50 profiled (targets)","no profiling (genomics only)"
12,0.5,0.5,0.211569877718627,NA,0.18106046073878,"50 profiled (targets)","no profiling (genomics only)"
13,0.5,0.5,0.206920772424438,NA,0.178210388966365,"50 profiled (coverage)","no profiling (genomics only)"
14,0.5,0.5,0.210390091151435,NA,0.182538403988654,"50 profiled (coverage)","no profiling (genomics only)"
15,0.5,0.5,0.203898737195375,NA,0.172765089473318,"50 profiled (coverage)","no profiling (genomics only)"
