"rep","share","profiles","coverage","method","pa_A","pa_AO","share_est"
1,0.2,"features","all","A",0.749404315362297,0.755692989698157,0.0329640709927964
1,0.2,"features","all","A+O robust",0.763107613770296,0.763107613770296,0.0329640709927964
1,0.2,"features","all","A+O estimated",0.755397453604637,0.755397453604637,0.0329640709927964
1,0.2,"features","all","random",0.718600611796105,0.711423221088272,0.0329640709927964
2,0.2,"features","all","A",0.476404494785657,0.476404494785657,4.10576346366429e-06
2,0.2,"features","all","A+O robust",0.500862299139176,0.500862299139176,4.10576346366429e-06
2,0.2,"features","all","A+O estimated",0.486764339812434,0.486764339812434,4.10576346366429e-06
2,0.2,"features","all","random",0.455809378454583,0.475498126403092,4.10576346366429e-06
3,0.2,"features","all","A",0.700138829872451,0.700138829872451,5.18925644830961e-06
3,0.2,"features","all","A+O robust",0.741823558044221,0.741823558044221,5.18925644830961e-06
3,0.2,"features","all","A+O estimated",0.700945904691917,0.700945904691917,5.18925644830961e-06
3,0.2,"features","all","random",0.680252846994136,0.680252846994136,5.18925644830961e-06
4,0.2,"features","all","A",0.716881347950973,0.716881347950973,1.6364235991891e-06
4,0.2,"features","all","A+O robust",0.712274906453571,0.712274906453571,1.6364235991891e-06
4,0.2,"features","all","A+O estimated",0.728910891653672,0.728910891653672,1.6364235991891e-06
4,0.2,"features","all","random",0.659589516842699,0.659589516842699,1.6364235991891e-06
5,0.2,"features","all","A",0.714825167257507,0.725566254579917,0.498067647307511
5,0.2,"features","all","A+O robust",0.73515237574812,0.738734486406894,0.498067647307511
5,0.2,"features","all","A+O estimated",0.712698625349665,0.723723566457166,0.498067647307511
5,0.2,"features","all","random",0.694398443757127,0.695689126640237,0.498067647307511
6,0.2,"features","all","A",0.471757130630635,0.490195284722808,0.248439741394266
6,0.2,"features","all","A+O robust",0.50730742354806,0.473561335876531,0.248439741394266
6,0.2,"features","all","A+O estimated",0.517477902730099,0.4915149224754,0.248439741394266
6,0.2,"features","all","random",0.49252585927887,0.490869110674105,0.248439741394266
7,0.2,"features","all","A",0.66533977802664,0.686448963208256,0.465580516711134
7,0.2,"features","all","A+O robust",0.652836457051486,0.678710668274947,0.465580516711134
7,0.2,"features","all","A+O estimated",0.616555532657287,0.645323660791289,0.465580516711134
7,0.2,"features","all","random",0.643721481540983,0.661752747996771,0.465580516711134
8,0.2,"features","all","A",0.658866710995651,0.658866710995651,0.332282228103967
8,0.2,"features","all","A+O robust",0.697702424947977,0.697702424947977,0.332282228103967
8,0.2,"features","all","A+O estimated",0.682953567480962,0.682953567480962,0.332282228103967
8,0.2,"features","all","random",0.696053688726494,0.683869201028634,0.332282228103967
9,0.2,"features","all","A",0.457113019693354,0.447993920049639,0.458812273274369
9,0.2,"features","all","A+O robust",0.45896841396277,0.442065421497435,0.458812273274369
9,0.2,"features","all","A+O estimated",0.536443835194503,0.536443835194503,0.458812273274369
9,0.2,"features","all","random",0.397817248807586,0.371056144775141,0.458812273274369
10,0.2,"features","all","A",0.643262609641438,0.643262609641438,0.314472795474822
10,0.2,"features","all","A+O robust",0.633031385578173,0.633031385578173,0.314472795474822
10,0.2,"features","all","A+O estimated",0.634469620505114,0.634469620505114,0.314472795474822
10,0.2,"features","all","random",0.641289181152519,0.629849794776473,0.314472795474822
11,0.2,"features","all","A",0.712838726222136,0.712838726222136,0.230714361700084
11,0.2,"features","all","A+O robust",0.702442503936795,0.702442503936795,0.230714361700084
11,0.2,"features","all","A+O estimated",0.718523248115919,0.718523248115919,0.230714361700084
11,0.2,"features","all","random",0.696941034806757,0.698789317237712,0.230714361700084
12,0.2,"features","all","A",0.720028839561038,0.715683543563151,0.16091591742785
12,0.2,"features","all","A+O robust",0.715727013360215,0.714590649383076,0.16091591742785
12,0.2,"features","all","A+O estimated",0.724429057280643,0.716808901740213,0.16091591742785
12,0.2,"features","all","random",0.685792366980077,0.687555753282999,0.16091591742785
13,0.2,"features","all","A",0.504459775152524,0.504459775152524,2.31152248014794e-06
13,0.2,"features","all","A+O robust",0.555721515745524,0.555721515745524,2.31152248014794e-06
13,0.2,"features","all","A+O estimated",0.517511744874361,0.517511744874361,2.31152248014794e-06
13,0.2,"features","all","random",0.53758655068898,0.549245958009863,2.31152248014794e-06
14,0.2,"features","all","A",0.423610778929977,0.417854991043497,0.117833963561408
14,0.2,"features","all","A+O robust",0.46795196409305,0.46141830066894,0.117833963561408
14,0.2,"features","all","A+O estimated",0.435885895974036,0.426811803960652,0.117833963561408
14,0.2,"features","all","random",0.383281214717077,0.393990938146014,0.117833963561408
15,0.2,"features","all","A",0.457073146866681,0.457073146866681,1.66550248317514e-06
15,0.2,"features","all","A+O robust",0.462385276136718,0.462385276136718,1.66550248317514e-06
15,0.2,"features","all","A+O estimated",0.460216807885429,0.503731073807512,1.66550248317514e-06
15,0.2,"features","all","random",0.489030968691642,0.505690327123161,1.66550248317514e-06
16,0.2,"features","all","A",0.622389595294645,0.648650861420254,0.658197098458375
16,0.2,"features","all","A+O robust",0.617308594159029,0.637847744807525,0.658197098458375
16,0.2,"features","all","A+O estimated",0.637186379571169,0.65955794019848,0.658197098458375
16,0.2,"features","all","random",0.5805867559429,0.569187457759624,0.658197098458375
17,0.2,"features","all","A",0.516195219108704,0.550763811416302,3.09816149103367e-06
17,0.2,"features","all","A+O robust",0.520939210841142,0.549800700410182,3.09816149103367e-06
17,0.2,"features","all","A+O estimated",0.513888095178553,0.54674197898186,3.09816149103367e-06
17,0.2,"features","all","random",0.526223451343332,0.543266617914667,3.09816149103367e-06
18,0.2,"features","all","A",0.603959387653868,0.603959387653868,1.15839208985061e-06
18,0.2,"features","all","A+O robust",0.603775032754009,0.603775032754009,1.15839208985061e-06
18,0.2,"features","all","A+O estimated",0.612245683455077,0.612245683455077,1.15839208985061e-06
18,0.2,"features","all","random",0.572440368703365,0.577706898423053,1.15839208985061e-06
19,0.2,"features","all","A",0.60511186911431,0.615759884107022,0.515980501799315
19,0.2,"features","all","A+O robust",0.575114307457502,0.585867700953821,0.515980501799315
19,0.2,"features","all","A+O estimated",0.599205338570388,0.599205338570388,0.515980501799315
19,0.2,"features","all","random",0.582232374273709,0.586495695738688,0.515980501799315
20,0.2,"features","all","A",0.538014524767639,0.548189337389344,0.0801748918232791
20,0.2,"features","all","A+O robust",0.552051963364218,0.556210397682299,0.0801748918232791
20,0.2,"features","all","A+O estimated",0.554986141632875,0.554986141632875,0.0801748918232791
20,0.2,"features","all","random",0.510029529499535,0.515856898265037,0.0801748918232791
21,0.2,"features","all","A",0.64844405926164,0.627448350432494,0.229442407745951
21,0.2,"features","all","A+O robust",0.616310849565364,0.616310849565364,0.229442407745951
21,0.2,"features","all","A+O estimated",0.627240884414113,0.627240884414113,0.229442407745951
21,0.2,"features","all","random",0.580248011177769,0.587324098519457,0.229442407745951
22,0.2,"features","all","A",0.62410971215495,0.62410971215495,7.21505466493227e-06
22,0.2,"features","all","A+O robust",0.626513492495678,0.626513492495678,7.21505466493227e-06
22,0.2,"features","all","A+O estimated",0.6176779742726,0.6176779742726,7.21505466493227e-06
22,0.2,"features","all","random",0.549503579788778,0.549503579788778,7.21505466493227e-06
23,0.2,"features","all","A",0.55631807817728,0.549021138771464,0.534361145080164
23,0.2,"features","all","A+O robust",0.573398397017664,0.572927483318167,0.534361145080164
23,0.2,"features","all","A+O estimated",0.53518859008859,0.546028402470615,0.534361145080164
23,0.2,"features","all","random",0.475178407065846,0.47572842752906,0.534361145080164
24,0.2,"features","all","A",0.694835336666626,0.672535823524985,0.707124403367268
24,0.2,"features","all","A+O robust",0.680568323870822,0.689785906625552,0.707124403367268
24,0.2,"features","all","A+O estimated",0.693253213229924,0.71208741369716,0.707124403367268
24,0.2,"features","all","random",0.650295544899557,0.661347564454772,0.707124403367268
25,0.2,"features","all","A",0.506958838925727,0.506958838925727,0.210722457502312
25,0.2,"features","all","A+O robust",0.497078679566068,0.497078679566068,0.210722457502312
25,0.2,"features","all","A+O estimated",0.496681032607255,0.496681032607255,0.210722457502312
25,0.2,"features","all","random",0.452722132844194,0.452595816562175,0.210722457502312
26,0.2,"features","all","A",0.570856489590612,0.562982945761491,0.999994716868011
26,0.2,"features","all","A+O robust",0.577039919517749,0.587033240040365,0.999994716868011
26,0.2,"features","all","A+O estimated",0.571437196454943,0.56826403434672,0.999994716868011
26,0.2,"features","all","random",0.612944832126547,0.602258305384284,0.999994716868011
27,0.2,"features","all","A",0.776708539578622,0.738417175218281,2.44253769491635e-06
27,0.2,"features","all","A+O robust",0.775232979120811,0.748107829815558,2.44253769491635e-06
27,0.2,"features","all","A+O estimated",0.781226204510927,0.747643731226736,2.44253769491635e-06
27,0.2,"features","all","random",0.756828533080852,0.746126804909752,2.44253769491635e-06
28,0.2,"features","all","A",0.628771527061268,0.539114879726587,2.88741834870525e-06
28,0.2,"features","all","A+O robust",0.634090114819206,0.615209609935312,2.88741834870525e-06
28,0.2,"features","all","A+O estimated",0.597747359335287,0.597747359335287,2.88741834870525e-06
28,0.2,"features","all","random",0.61972594000455,0.609645575024768,2.88741834870525e-06
29,0.2,"features","all","A",0.572038485757358,0.572038485757358,0.517362485218827
29,0.2,"features","all","A+O robust",0.56044600098247,0.56044600098247,0.517362485218827
29,0.2,"features","all","A+O estimated",0.513201738360594,0.513201738360594,0.517362485218827
29,0.2,"features","all","random",0.533065014479834,0.515708186470731,0.517362485218827
30,0.2,"features","all","A",0.528899179504278,0.489151095169135,0.779273552233361
30,0.2,"features","all","A+O robust",0.484702736613606,0.453657343416952,0.779273552233361
30,0.2,"features","all","A+O estimated",0.424148009287794,0.396833994269551,0.779273552233361
30,0.2,"features","all","random",0.468889768062527,0.406872413868343,0.779273552233361
1,0.5,"features","all","A",0.662703299190198,0.676962074664152,0.999991052028032
1,0.5,"features","all","A+O robust",0.674110641845368,0.674110641845368,0.999991052028032
1,0.5,"features","all","A+O estimated",0.68780533582069,0.68780533582069,0.999991052028032
1,0.5,"features","all","random",0.632507210012012,0.624584234469357,0.999991052028032
2,0.5,"features","all","A",0.357153682880969,0.48832740971918,3.92401859361348e-06
2,0.5,"features","all","A+O robust",0.389576520416333,0.518438623868652,3.92401859361348e-06
2,0.5,"features","all","A+O estimated",0.349292031431964,0.478210842075138,3.92401859361348e-06
2,0.5,"features","all","random",0.356434713903697,0.487809050259004,3.92401859361348e-06
3,0.5,"features","all","A",0.584178784516292,0.640942620992481,1.49989997119551e-05
3,0.5,"features","all","A+O robust",0.632444898465424,0.673411502883033,1.49989997119551e-05
3,0.5,"features","all","A+O estimated",0.534056673143589,0.584636254757069,1.49989997119551e-05
3,0.5,"features","all","random",0.570372855402362,0.570372855402362,1.49989997119551e-05
4,0.5,"features","all","A",0.612018262356255,0.663878889170222,0.166117504059594
4,0.5,"features","all","A+O robust",0.613169427721266,0.659221271053653,0.166117504059594
4,0.5,"features","all","A+O estimated",0.613051189853437,0.661394564767582,0.166117504059594
4,0.5,"features","all","random",0.558246584449274,0.60281288765823,0.166117504059594
5,0.5,"features","all","A",0.621715692772725,0.657690615953197,0.877894897124162
5,0.5,"features","all","A+O robust",0.661040286303028,0.630077838449208,0.877894897124162
5,0.5,"features","all","A+O estimated",0.611272727829578,0.671632790449065,0.877894897124162
5,0.5,"features","all","random",0.597644994144101,0.638656269870341,0.877894897124162
6,0.5,"features","all","A",0.402317410152951,0.491310169366636,0.286738680018724
6,0.5,"features","all","A+O robust",0.44933284622437,0.497485563102318,0.286738680018724
6,0.5,"features","all","A+O estimated",0.460489729084566,0.505373937939002,0.286738680018724
6,0.5,"features","all","random",0.434112512448004,0.477465335341343,0.286738680018724
7,0.5,"features","all","A",0.609777063304453,0.678148676123439,0.528461427999951
7,0.5,"features","all","A+O robust",0.594270529595382,0.681429400584504,0.528461427999951
7,0.5,"features","all","A+O estimated",0.572006098555449,0.657993955930038,0.528461427999951
7,0.5,"features","all","random",0.595136631189378,0.650241616946839,0.528461427999951
8,0.5,"features","all","A",0.613747010967054,0.657708569234496,0.716674340286289
8,0.5,"features","all","A+O robust",0.660360968307739,0.660360968307739,0.716674340286289
8,0.5,"features","all","A+O estimated",0.631850360246303,0.631850360246303,0.716674340286289
8,0.5,"features","all","random",0.612550774751429,0.642301345865666,0.716674340286289
9,0.5,"features","all","A",0.299378033985678,0.325797750776932,0.65183354981997
9,0.5,"features","all","A+O robust",0.305090389632461,0.323365149584947,0.65183354981997
9,0.5,"features","all","A+O estimated",0.393167377004103,0.376939487756536,0.65183354981997
9,0.5,"features","all","random",0.243723653308082,0.248502334563864,0.65183354981997
10,0.5,"features","all","A",0.49670995081024,0.51200436896718,0.464193238362983
10,0.5,"features","all","A+O robust",0.487388656969696,0.517344905723804,0.464193238362983
10,0.5,"features","all","A+O estimated",0.503258344543119,0.503258344543119,0.464193238362983
10,0.5,"features","all","random",0.500775931018187,0.533296119215254,0.464193238362983
11,0.5,"features","all","A",0.598424387869302,0.62952896681707,0.327260505413435
11,0.5,"features","all","A+O robust",0.590191037336939,0.614125304585909,0.327260505413435
11,0.5,"features","all","A+O estimated",0.598477175226172,0.598477175226172,0.327260505413435
11,0.5,"features","all","random",0.577544454349522,0.606367566635292,0.327260505413435
12,0.5,"features","all","A",0.609692812604642,0.630079129811295,0.438269930347032
12,0.5,"features","all","A+O robust",0.60573272386784,0.63633960644495,0.438269930347032
12,0.5,"features","all","A+O estimated",0.600677315897558,0.62192999541059,0.438269930347032
12,0.5,"features","all","random",0.581947111696413,0.627128208764022,0.438269930347032
13,0.5,"features","all","A",0.367466583256972,0.442939122141846,0.156840074318216
13,0.5,"features","all","A+O robust",0.401230404608335,0.401230404608335,0.156840074318216
13,0.5,"features","all","A+O estimated",0.376646527792078,0.445957585243671,0.156840074318216
13,0.5,"features","all","random",0.397147868908566,0.507797330650108,0.156840074318216
14,0.5,"features","all","A",0.350126721374747,0.343183754010615,0.322315478535872
14,0.5,"features","all","A+O robust",0.374863334360129,0.37946345954134,0.322315478535872
14,0.5,"features","all","A+O estimated",0.354724310085928,0.399715812127742,0.322315478535872
14,0.5,"features","all","random",0.31924996982354,0.364165334710129,0.322315478535872
15,0.5,"features","all","A",0.373965885769142,0.453915473398352,0.146833539871797
15,0.5,"features","all","A+O robust",0.377852229841824,0.45223264714855,0.146833539871797
15,0.5,"features","all","A+O estimated",0.3614668590206,0.493423913363126,0.146833539871797
15,0.5,"features","all","random",0.404931753630948,0.503514394389513,0.146833539871797
16,0.5,"features","all","A",0.563370424077401,0.647800349918335,0.854411751399841
16,0.5,"features","all","A+O robust",0.55249525788321,0.634250727285807,0.854411751399841
16,0.5,"features","all","A+O estimated",0.581889785029655,0.620360445596522,0.854411751399841
16,0.5,"features","all","random",0.517678327002189,0.542954914918654,0.854411751399841
17,0.5,"features","all","A",0.383865145518521,0.53919353497785,4.0216743599207e-06
17,0.5,"features","all","A+O robust",0.391628499731529,0.534882830374572,4.0216743599207e-06
17,0.5,"features","all","A+O estimated",0.373465703649071,0.535979209539271,4.0216743599207e-06
17,0.5,"features","all","random",0.395657920954799,0.472154642927623,4.0216743599207e-06
18,0.5,"features","all","A",0.52713869883504,0.52713869883504,1.44757815041019e-06
18,0.5,"features","all","A+O robust",0.530789965505421,0.530789965505421,1.44757815041019e-06
18,0.5,"features","all","A+O estimated",0.530372551277104,0.530372551277104,1.44757815041019e-06
18,0.5,"features","all","random",0.499449817896406,0.539743834358301,1.44757815041019e-06
19,0.5,"features","all","A",0.541773597362308,0.588823957748539,0.598819520656224
19,0.5,"features","all","A+O robust",0.518980725659745,0.576066863496947,0.598819520656224
19,0.5,"features","all","A+O estimated",0.519686520797016,0.569804752923817,0.598819520656224
19,0.5,"features","all","random",0.564247179378268,0.601844093830071,0.598819520656224
20,0.5,"features","all","A",0.373253390192142,0.451149995166559,0.224182794555716
20,0.5,"features","all","A+O robust",0.396539201545066,0.450148185530187,0.224182794555716
20,0.5,"features","all","A+O estimated",0.410999526766606,0.475140354466615,0.224182794555716
20,0.5,"features","all","random",0.36002227207545,0.457448726534979,0.224182794555716
21,0.5,"features","all","A",0.601951574087482,0.573608672290537,0.307090074458444
21,0.5,"features","all","A+O robust",0.558235520951096,0.533867345536222,0.307090074458444
21,0.5,"features","all","A+O estimated",0.544266485527444,0.512815647214085,0.307090074458444
21,0.5,"features","all","random",0.540786463071882,0.581703361734929,0.307090074458444
22,0.5,"features","all","A",0.50984160668978,0.552692260174414,1.75324674584933e-05
22,0.5,"features","all","A+O robust",0.521551520697603,0.561033948635062,1.75324674584933e-05
22,0.5,"features","all","A+O estimated",0.491415050643065,0.491415050643065,1.75324674584933e-05
22,0.5,"features","all","random",0.435795821759249,0.452312785592713,1.75324674584933e-05
23,0.5,"features","all","A",0.325655726236851,0.306388630466821,0.999997850426026
23,0.5,"features","all","A+O robust",0.363404949459006,0.325605844297167,0.999997850426026
23,0.5,"features","all","A+O estimated",0.332958746331273,0.226769727362365,0.999997850426026
23,0.5,"features","all","random",0.277336731314053,0.351366468575031,0.999997850426026
24,0.5,"features","all","A",0.570176670089463,0.583615222378701,0.906528997345274
24,0.5,"features","all","A+O robust",0.566146461770991,0.616247524318988,0.906528997345274
24,0.5,"features","all","A+O estimated",0.560454786441196,0.57180167704777,0.906528997345274
24,0.5,"features","all","random",0.525361163817913,0.569307197589602,0.906528997345274
25,0.5,"features","all","A",0.375323212108843,0.410693609926308,0.501654668802711
25,0.5,"features","all","A+O robust",0.377235325238909,0.407207518085478,0.501654668802711
25,0.5,"features","all","A+O estimated",0.363232029818152,0.39308063850555,0.501654668802711
25,0.5,"features","all","random",0.337860370319288,0.381819979953849,0.501654668802711
26,0.5,"features","all","A",0.470924105396606,0.507544282032419,0.999995952300956
26,0.5,"features","all","A+O robust",0.473658218259592,0.52616321023393,0.999995952300956
26,0.5,"features","all","A+O estimated",0.48498182866355,0.518676041117564,0.999995952300956
26,0.5,"features","all","random",0.53560831431494,0.562271970595394,0.999995952300956
27,0.5,"features","all","A",0.684541402185968,0.673424498488131,3.22609845165966e-06
27,0.5,"features","all","A+O robust",0.687677005656454,0.705943442492641,3.22609845165966e-06
27,0.5,"features","all","A+O estimated",0.701557120641343,0.720237289646167,3.22609845165966e-06
27,0.5,"features","all","random",0.670146921256412,0.664272217696328,3.22609845165966e-06
28,0.5,"features","all","A",0.578524418996627,0.357381055579048,2.39848782874253e-06
28,0.5,"features","all","A+O robust",0.587734136441962,0.489818807586624,2.39848782874253e-06
28,0.5,"features","all","A+O estimated",0.563657731784168,0.459086412392145,2.39848782874253e-06
28,0.5,"features","all","random",0.571424624303683,0.552185436133797,2.39848782874253e-06
29,0.5,"features","all","A",0.490193752573929,0.512982229977178,0.644901945277715
29,0.5,"features","all","A+O robust",0.481479370904977,0.481479370904977,0.644901945277715
29,0.5,"features","all","A+O estimated",0.493000248133297,0.493000248133297,0.644901945277715
29,0.5,"features","all","random",0.437029550544041,0.473152330820612,0.644901945277715
30,0.5,"features","all","A",0.50827270534236,0.542230468575727,0.828237191946287
30,0.5,"features","all","A+O robust",0.475357675669734,0.502249158070098,0.828237191946287
30,0.5,"features","all","A+O estimated",0.405598555827889,0.472212719078388,0.828237191946287
30,0.5,"features","all","random",0.472051168804513,0.475581414381808,0.828237191946287
1,0.2,"spectra","all","A",0.596094119864021,0.596094119864021,2.78866400541365e-06
1,0.2,"spectra","all","A+O robust",0.60015688850068,0.60015688850068,2.78866400541365e-06
1,0.2,"spectra","all","A+O estimated",0.585908241971058,0.585908241971058,2.78866400541365e-06
1,0.2,"spectra","all","random",0.558050385299722,0.558050385299722,2.78866400541365e-06
2,0.2,"spectra","all","A",0.760008700668602,0.794961272436452,0.0385038321442244
2,0.2,"spectra","all","A+O robust",0.781529623486152,0.813171281890416,0.0385038321442244
2,0.2,"spectra","all","A+O estimated",0.757872470197017,0.800315693476608,0.0385038321442244
2,0.2,"spectra","all","random",0.74996491053524,0.779505727068354,0.0385038321442244
3,0.2,"spectra","all","A",0.687062899520705,0.687062899520705,2.2410939754888e-06
3,0.2,"spectra","all","A+O robust",0.665886001842432,0.665886001842432,2.2410939754888e-06
3,0.2,"spectra","all","A+O estimated",0.693603132834654,0.693603132834654,2.2410939754888e-06
3,0.2,"spectra","all","random",0.67462953380323,0.67462953380323,2.2410939754888e-06
4,0.2,"spectra","all","A",0.630555593051918,0.687279614671191,0.23740961908612
4,0.2,"spectra","all","A+O robust",0.643373020974598,0.691453006943281,0.23740961908612
4,0.2,"spectra","all","A+O estimated",0.647892528987372,0.700153658797995,0.23740961908612
4,0.2,"spectra","all","random",0.600315705396025,0.627547292332943,0.23740961908612
5,0.2,"spectra","all","A",0.621060571522763,0.637581087604779,0.0229436121094638
5,0.2,"spectra","all","A+O robust",0.620204191127228,0.620204191127228,0.0229436121094638
5,0.2,"spectra","all","A+O estimated",0.610133616013693,0.633912992604289,0.0229436121094638
5,0.2,"spectra","all","random",0.610345117106667,0.610345117106667,0.0229436121094638
6,0.2,"spectra","all","A",0.650119703786111,0.660400854252993,0.426115379040733
6,0.2,"spectra","all","A+O robust",0.623119717064379,0.623119717064379,0.426115379040733
6,0.2,"spectra","all","A+O estimated",0.632422481569653,0.632422481569653,0.426115379040733
6,0.2,"spectra","all","random",0.602396162507346,0.594310333390937,0.426115379040733
7,0.2,"spectra","all","A",0.568042989880956,0.568042989880956,0.19925307786452
7,0.2,"spectra","all","A+O robust",0.575905594771505,0.575905594771505,0.19925307786452
7,0.2,"spectra","all","A+O estimated",0.57490064387514,0.57490064387514,0.19925307786452
7,0.2,"spectra","all","random",0.627909669359475,0.627415278588413,0.19925307786452
8,0.2,"spectra","all","A",0.712161220383654,0.70383602137511,0.088189049930114
8,0.2,"spectra","all","A+O robust",0.706814689280122,0.704238217965916,0.088189049930114
8,0.2,"spectra","all","A+O estimated",0.702597027917804,0.692774208593278,0.088189049930114
8,0.2,"spectra","all","random",0.665995052707355,0.666887681063993,0.088189049930114
9,0.2,"spectra","all","A",0.669170441188248,0.692056822077624,3.16018019845644e-06
9,0.2,"spectra","all","A+O robust",0.625061675555063,0.644516761298737,3.16018019845644e-06
9,0.2,"spectra","all","A+O estimated",0.660812530032149,0.674455201479416,3.16018019845644e-06
9,0.2,"spectra","all","random",0.625993124345618,0.632233142547858,3.16018019845644e-06
10,0.2,"spectra","all","A",0.633528839385717,0.633528839385717,0.0865156151700155
10,0.2,"spectra","all","A+O robust",0.654003720180142,0.654003720180142,0.0865156151700155
10,0.2,"spectra","all","A+O estimated",0.620817387830791,0.620817387830791,0.0865156151700155
10,0.2,"spectra","all","random",0.609719834220877,0.611171854741009,0.0865156151700155
11,0.2,"spectra","all","A",0.677619837532851,0.677619837532851,0.0789784129668418
11,0.2,"spectra","all","A+O robust",0.689999838439533,0.689999838439533,0.0789784129668418
11,0.2,"spectra","all","A+O estimated",0.664748831487039,0.664748831487039,0.0789784129668418
11,0.2,"spectra","all","random",0.642981836954141,0.606172191105984,0.0789784129668418
12,0.2,"spectra","all","A",0.638444886149136,0.693748392895344,0.120509342866498
12,0.2,"spectra","all","A+O robust",0.631420274538607,0.631420274538607,0.120509342866498
12,0.2,"spectra","all","A+O estimated",0.671646217189226,0.713892717522127,0.120509342866498
12,0.2,"spectra","all","random",0.635517314899745,0.673351633278887,0.120509342866498
13,0.2,"spectra","all","A",0.660577887793484,0.660577887793484,2.23201341603466e-06
13,0.2,"spectra","all","A+O robust",0.673045568601354,0.673045568601354,2.23201341603466e-06
13,0.2,"spectra","all","A+O estimated",0.653689679454155,0.653689679454155,2.23201341603466e-06
13,0.2,"spectra","all","random",0.659535772569266,0.659535772569266,2.23201341603466e-06
14,0.2,"spectra","all","A",0.650821892788616,0.650821892788616,1.67349629319067e-06
14,0.2,"spectra","all","A+O robust",0.684371848818192,0.684371848818192,1.67349629319067e-06
14,0.2,"spectra","all","A+O estimated",0.64492612716779,0.64492612716779,1.67349629319067e-06
14,0.2,"spectra","all","random",0.671891394744202,0.671891394744202,1.67349629319067e-06
15,0.2,"spectra","all","A",0.639452800137234,0.632093448598634,2.58529899612006e-06
15,0.2,"spectra","all","A+O robust",0.602536492940185,0.588514464643324,2.58529899612006e-06
15,0.2,"spectra","all","A+O estimated",0.61764077032505,0.582240351609909,2.58529899612006e-06
15,0.2,"spectra","all","random",0.677454223017517,0.677454223017517,2.58529899612006e-06
16,0.2,"spectra","all","A",0.652865362358345,0.613954853222419,0.206756124803241
16,0.2,"spectra","all","A+O robust",0.673094141538041,0.615340281064474,0.206756124803241
16,0.2,"spectra","all","A+O estimated",0.638278246162664,0.591317908607894,0.206756124803241
16,0.2,"spectra","all","random",0.56247638280751,0.56247638280751,0.206756124803241
17,0.2,"spectra","all","A",0.639940159321787,0.639940159321787,0.0376899237381233
17,0.2,"spectra","all","A+O robust",0.647174962250054,0.647174962250054,0.0376899237381233
17,0.2,"spectra","all","A+O estimated",0.629988358070493,0.629988358070493,0.0376899237381233
17,0.2,"spectra","all","random",0.637549290212427,0.646424956031772,0.0376899237381233
18,0.2,"spectra","all","A",0.669268940238544,0.669268940238544,2.2597132246652e-06
18,0.2,"spectra","all","A+O robust",0.690583589942966,0.690583589942966,2.2597132246652e-06
18,0.2,"spectra","all","A+O estimated",0.665432068798069,0.665432068798069,2.2597132246652e-06
18,0.2,"spectra","all","random",0.644189990499804,0.644189990499804,2.2597132246652e-06
19,0.2,"spectra","all","A",0.464328277376191,0.511470332565124,0.999997430053111
19,0.2,"spectra","all","A+O robust",0.480162397380969,0.497756797215694,0.999997430053111
19,0.2,"spectra","all","A+O estimated",0.46647155385556,0.46647155385556,0.999997430053111
19,0.2,"spectra","all","random",0.446407432918143,0.446407432918143,0.999997430053111
20,0.2,"spectra","all","A",0.572149692746519,0.572149692746519,0.040968572783615
20,0.2,"spectra","all","A+O robust",0.563223509721443,0.563223509721443,0.040968572783615
20,0.2,"spectra","all","A+O estimated",0.575084510158769,0.575084510158769,0.040968572783615
20,0.2,"spectra","all","random",0.531460634724877,0.531460634724877,0.040968572783615
21,0.2,"spectra","all","A",0.593027714815824,0.630657089161459,0.118835634434636
21,0.2,"spectra","all","A+O robust",0.616955956671258,0.651745328687604,0.118835634434636
21,0.2,"spectra","all","A+O estimated",0.635968320899656,0.664969862169399,0.118835634434636
21,0.2,"spectra","all","random",0.608420809179314,0.653895294680363,0.118835634434636
22,0.2,"spectra","all","A",0.610413554396784,0.610413554396784,0.890552987590584
22,0.2,"spectra","all","A+O robust",0.598981863612859,0.598981863612859,0.890552987590584
22,0.2,"spectra","all","A+O estimated",0.574519229053147,0.574519229053147,0.890552987590584
22,0.2,"spectra","all","random",0.606973167553124,0.606973167553124,0.890552987590584
23,0.2,"spectra","all","A",0.605471934151385,0.601648086377929,0.0272959693046289
23,0.2,"spectra","all","A+O robust",0.609299192522502,0.617723887047988,0.0272959693046289
23,0.2,"spectra","all","A+O estimated",0.618400724749525,0.596713344842809,0.0272959693046289
23,0.2,"spectra","all","random",0.566100071465669,0.533512713243694,0.0272959693046289
24,0.2,"spectra","all","A",0.606734807311504,0.606734807311504,2.81569727792821e-06
24,0.2,"spectra","all","A+O robust",0.600509358986592,0.600509358986592,2.81569727792821e-06
24,0.2,"spectra","all","A+O estimated",0.583926091435513,0.583926091435513,2.81569727792821e-06
24,0.2,"spectra","all","random",0.5777302296987,0.5777302296987,2.81569727792821e-06
25,0.2,"spectra","all","A",0.715610002476686,0.627856942895073,1.88359356912456e-06
25,0.2,"spectra","all","A+O robust",0.712428295671244,0.712428295671244,1.88359356912456e-06
25,0.2,"spectra","all","A+O estimated",0.723245252892212,0.723245252892212,1.88359356912456e-06
25,0.2,"spectra","all","random",0.568168019296122,0.517607199799934,1.88359356912456e-06
26,0.2,"spectra","all","A",0.71734938700954,0.730389649044449,0.116689739140089
26,0.2,"spectra","all","A+O robust",0.726541199767192,0.741891837821833,0.116689739140089
26,0.2,"spectra","all","A+O estimated",0.71619610213212,0.733948372746703,0.116689739140089
26,0.2,"spectra","all","random",0.671176288652205,0.715284356754957,0.116689739140089
27,0.2,"spectra","all","A",0.691935196555637,0.628500906766812,0.284815021086991
27,0.2,"spectra","all","A+O robust",0.693412125305933,0.637823218816492,0.284815021086991
27,0.2,"spectra","all","A+O estimated",0.696005634085511,0.696005634085511,0.284815021086991
27,0.2,"spectra","all","random",0.686167892295116,0.649828831440761,0.284815021086991
28,0.2,"spectra","all","A",0.585530298520261,0.585530298520261,3.08018542469921e-06
28,0.2,"spectra","all","A+O robust",0.588584748651324,0.588584748651324,3.08018542469921e-06
28,0.2,"spectra","all","A+O estimated",0.627614537509892,0.627614537509892,3.08018542469921e-06
28,0.2,"spectra","all","random",0.537279726125022,0.537279726125022,3.08018542469921e-06
29,0.2,"spectra","all","A",0.537926510078575,0.537926510078575,0.0180499690222614
29,0.2,"spectra","all","A+O robust",0.51105506459111,0.51105506459111,0.0180499690222614
29,0.2,"spectra","all","A+O estimated",0.535529685350589,0.535529685350589,0.0180499690222614
29,0.2,"spectra","all","random",0.50792714622087,0.530823168274034,0.0180499690222614
30,0.2,"spectra","all","A",0.361935029492147,0.37096939088479,0.316285018416595
30,0.2,"spectra","all","A+O robust",0.377278165495406,0.469476023098875,0.316285018416595
30,0.2,"spectra","all","A+O estimated",0.422104844987975,0.448579954198139,0.316285018416595
30,0.2,"spectra","all","random",0.386339983310905,0.431790827963449,0.316285018416595
1,0.5,"spectra","all","A",0.527783986496578,0.569110971201481,0.216831869024755
1,0.5,"spectra","all","A+O robust",0.532826844939418,0.607164883255349,0.216831869024755
1,0.5,"spectra","all","A+O estimated",0.511410456246568,0.59119336228779,0.216831869024755
1,0.5,"spectra","all","random",0.504035810460905,0.552726011365228,0.216831869024755
2,0.5,"spectra","all","A",0.700103334037092,0.775730955808801,0.255314805843347
2,0.5,"spectra","all","A+O robust",0.726563180970294,0.802000988900216,0.255314805843347
2,0.5,"spectra","all","A+O estimated",0.706583278945125,0.797484825490144,0.255314805843347
2,0.5,"spectra","all","random",0.684684867601295,0.74938136772954,0.255314805843347
3,0.5,"spectra","all","A",0.566201363904449,0.566201363904449,2.71677629969215e-06
3,0.5,"spectra","all","A+O robust",0.538662758553198,0.580770873318526,2.71677629969215e-06
3,0.5,"spectra","all","A+O estimated",0.574540955496736,0.627822554761475,2.71677629969215e-06
3,0.5,"spectra","all","random",0.544306496531682,0.570358695892795,2.71677629969215e-06
4,0.5,"spectra","all","A",0.580268564294527,0.716125418616907,0.348606724500528
4,0.5,"spectra","all","A+O robust",0.596838629990471,0.718432220647873,0.348606724500528
4,0.5,"spectra","all","A+O estimated",0.609445050057133,0.724053762732359,0.348606724500528
4,0.5,"spectra","all","random",0.546938320361575,0.668244676875042,0.348606724500528
5,0.5,"spectra","all","A",0.426649109298005,0.508378099727701,0.171195335787129
5,0.5,"spectra","all","A+O robust",0.419401823963481,0.536864781521287,0.171195335787129
5,0.5,"spectra","all","A+O estimated",0.398794382272025,0.53617549177014,0.171195335787129
5,0.5,"spectra","all","random",0.416216765491942,0.483873171850977,0.171195335787129
6,0.5,"spectra","all","A",0.603377948706243,0.664397259957053,0.5505528908307
6,0.5,"spectra","all","A+O robust",0.588976232656235,0.640270644369888,0.5505528908307
6,0.5,"spectra","all","A+O estimated",0.603867215455214,0.65610060029944,0.5505528908307
6,0.5,"spectra","all","random",0.566345463359344,0.607562160640051,0.5505528908307
7,0.5,"spectra","all","A",0.40737474043904,0.47087688806577,0.572511084196797
7,0.5,"spectra","all","A+O robust",0.424925558854197,0.497980461245589,0.572511084196797
7,0.5,"spectra","all","A+O estimated",0.446223230667489,0.509968787293147,0.572511084196797
7,0.5,"spectra","all","random",0.455924824048979,0.545261402827632,0.572511084196797
8,0.5,"spectra","all","A",0.663602520722421,0.700577926921348,0.344094253974438
8,0.5,"spectra","all","A+O robust",0.665027753661988,0.711157118742467,0.344094253974438
8,0.5,"spectra","all","A+O estimated",0.675286463310638,0.704085194548829,0.344094253974438
8,0.5,"spectra","all","random",0.619875550404914,0.669426117325831,0.344094253974438
9,0.5,"spectra","all","A",0.526099105139426,0.642374576155099,4.46512423366756e-06
9,0.5,"spectra","all","A+O robust",0.470757182637578,0.556554955813746,4.46512423366756e-06
9,0.5,"spectra","all","A+O estimated",0.521557518004053,0.613829571618033,4.46512423366756e-06
9,0.5,"spectra","all","random",0.482608677418834,0.581430398746199,4.46512423366756e-06
10,0.5,"spectra","all","A",0.532202259201146,0.532202259201146,0.153370185866676
10,0.5,"spectra","all","A+O robust",0.56248045770854,0.599053072486701,0.153370185866676
10,0.5,"spectra","all","A+O estimated",0.536451685276147,0.607836116999075,0.153370185866676
10,0.5,"spectra","all","random",0.518702020901988,0.57466312345888,0.153370185866676
11,0.5,"spectra","all","A",0.505804860571318,0.569732230231864,0.105437168555621
11,0.5,"spectra","all","A+O robust",0.520877072593787,0.590031675382643,0.105437168555621
11,0.5,"spectra","all","A+O estimated",0.471951169316695,0.554374340799483,0.105437168555621
11,0.5,"spectra","all","random",0.465442687686494,0.475052440736622,0.105437168555621
12,0.5,"spectra","all","A",0.566698455736975,0.677496631123085,0.255304097947944
12,0.5,"spectra","all","A+O robust",0.573863770894209,0.664662105970413,0.255304097947944
12,0.5,"spectra","all","A+O estimated",0.56780508975029,0.666158117701374,0.255304097947944
12,0.5,"spectra","all","random",0.567899222348297,0.664517260793591,0.255304097947944
13,0.5,"spectra","all","A",0.547631756154836,0.547631756154836,2.87833494017364e-06
13,0.5,"spectra","all","A+O robust",0.563104153545904,0.585222355499982,2.87833494017364e-06
13,0.5,"spectra","all","A+O estimated",0.537013893919402,0.588737662770623,2.87833494017364e-06
13,0.5,"spectra","all","random",0.535985421938158,0.579584267272383,2.87833494017364e-06
14,0.5,"spectra","all","A",0.533996169223255,0.533996169223255,0.100031586180843
14,0.5,"spectra","all","A+O robust",0.583650707707971,0.583650707707971,0.100031586180843
14,0.5,"spectra","all","A+O estimated",0.503582612544835,0.568044978182735,0.100031586180843
14,0.5,"spectra","all","random",0.575954469813364,0.620940157310796,0.100031586180843
15,0.5,"spectra","all","A",0.479626073921281,0.589480364304844,0.0851687633053248
15,0.5,"spectra","all","A+O robust",0.435569624884464,0.515012518229423,0.0851687633053248
15,0.5,"spectra","all","A+O estimated",0.497165333150807,0.591075005711347,0.0851687633053248
15,0.5,"spectra","all","random",0.518725131477348,0.583913289539344,0.0851687633053248
16,0.5,"spectra","all","A",0.558219867958723,0.573867699471124,0.293208429529043
16,0.5,"spectra","all","A+O robust",0.582836450087845,0.574689709535186,0.293208429529043
16,0.5,"spectra","all","A+O estimated",0.561163691321609,0.550012421536307,0.293208429529043
16,0.5,"spectra","all","random",0.451237511528889,0.487317102895181,0.293208429529043
17,0.5,"spectra","all","A",0.523274711656692,0.608521351238303,0.181519504526317
17,0.5,"spectra","all","A+O robust",0.529545343163021,0.604389207781742,0.181519504526317
17,0.5,"spectra","all","A+O estimated",0.522199300884314,0.59921195713893,0.181519504526317
17,0.5,"spectra","all","random",0.518791893994222,0.635446777175617,0.181519504526317
18,0.5,"spectra","all","A",0.615950039499463,0.615950039499463,4.10673398769801e-06
18,0.5,"spectra","all","A+O robust",0.635898439494927,0.635898439494927,4.10673398769801e-06
18,0.5,"spectra","all","A+O estimated",0.613260015186073,0.613260015186073,4.10673398769801e-06
18,0.5,"spectra","all","random",0.594881025570251,0.622476539546166,4.10673398769801e-06
19,0.5,"spectra","all","A",0.371104673105522,0.483252337454023,0.999997763713862
19,0.5,"spectra","all","A+O robust",0.371925275529861,0.456464316935825,0.999997763713862
19,0.5,"spectra","all","A+O estimated",0.387724316269689,0.47400950399652,0.999997763713862
19,0.5,"spectra","all","random",0.338055316178964,0.399224224028837,0.999997763713862
20,0.5,"spectra","all","A",0.489540364785784,0.507265631844036,0.132444662209658
20,0.5,"spectra","all","A+O robust",0.501122455712285,0.483451848028669,0.132444662209658
20,0.5,"spectra","all","A+O estimated",0.466890781574953,0.488689847240732,0.132444662209658
20,0.5,"spectra","all","random",0.485222730994892,0.515823951173603,0.132444662209658
21,0.5,"spectra","all","A",0.416273397783607,0.589733168324048,0.310173787481902
21,0.5,"spectra","all","A+O robust",0.415854034396197,0.560543164492275,0.310173787481902
21,0.5,"spectra","all","A+O estimated",0.38712937568469,0.548160155682018,0.310173787481902
21,0.5,"spectra","all","random",0.408910210732103,0.597882560958545,0.310173787481902
22,0.5,"spectra","all","A",0.527141246256126,0.567429444588855,0.999995510210216
22,0.5,"spectra","all","A+O robust",0.503099159918211,0.55209371904801,0.999995510210216
22,0.5,"spectra","all","A+O estimated",0.474439631676919,0.474439631676919,0.999995510210216
22,0.5,"spectra","all","random",0.528270573755594,0.566738563487997,0.999995510210216
23,0.5,"spectra","all","A",0.483921221095784,0.587467523610353,0.254336650910034
23,0.5,"spectra","all","A+O robust",0.49093183532333,0.61483763144712,0.254336650910034
23,0.5,"spectra","all","A+O estimated",0.4858257972199,0.627638571167324,0.254336650910034
23,0.5,"spectra","all","random",0.46561088953851,0.523093131383337,0.254336650910034
24,0.5,"spectra","all","A",0.492632525352242,0.492632525352242,0.0830748324591637
24,0.5,"spectra","all","A+O robust",0.474859250643474,0.513714549789787,0.0830748324591637
24,0.5,"spectra","all","A+O estimated",0.460396084411013,0.523898495979821,0.0830748324591637
24,0.5,"spectra","all","random",0.473134664372417,0.496246864781335,0.0830748324591637
25,0.5,"spectra","all","A",0.636709728917882,0.436827961369547,2.66743611576813e-06
25,0.5,"spectra","all","A+O robust",0.633069701439032,0.570179070274547,2.66743611576813e-06
25,0.5,"spectra","all","A+O estimated",0.636097619999675,0.593447700962751,2.66743611576813e-06
25,0.5,"spectra","all","random",0.483192021636094,0.401729576472606,2.66743611576813e-06
26,0.5,"spectra","all","A",0.655967295151138,0.713641923805673,0.379572561687288
26,0.5,"spectra","all","A+O robust",0.660829912582372,0.715865489687897,0.379572561687288
26,0.5,"spectra","all","A+O estimated",0.668067865202546,0.724608383902039,0.379572561687288
26,0.5,"spectra","all","random",0.605757786664702,0.718072902881428,0.379572561687288
27,0.5,"spectra","all","A",0.625916404724048,0.611244617302844,0.433549943589708
27,0.5,"spectra","all","A+O robust",0.628087696864943,0.616213674491172,0.433549943589708
27,0.5,"spectra","all","A+O estimated",0.630969139913249,0.626590747810263,0.433549943589708
27,0.5,"spectra","all","random",0.610883127577708,0.572113396577385,0.433549943589708
28,0.5,"spectra","all","A",0.541399797408313,0.56040453306714,7.00771964857808e-06
28,0.5,"spectra","all","A+O robust",0.528082698190244,0.547533738829519,7.00771964857808e-06
28,0.5,"spectra","all","A+O estimated",0.534074150021345,0.534074150021345,7.00771964857808e-06
28,0.5,"spectra","all","random",0.494761079500082,0.519565608931409,7.00771964857808e-06
29,0.5,"spectra","all","A",0.426725466467217,0.500417826044521,0.0686155754199759
29,0.5,"spectra","all","A+O robust",0.415102865248254,0.526622902893524,0.0686155754199759
29,0.5,"spectra","all","A+O estimated",0.440923165324099,0.541514370060143,0.0686155754199759
29,0.5,"spectra","all","random",0.406930356895131,0.543355209872722,0.0686155754199759
30,0.5,"spectra","all","A",0.298554993437734,0.470971560470123,0.570582719677416
30,0.5,"spectra","all","A+O robust",0.27666867459195,0.54789057923364,0.570582719677416
30,0.5,"spectra","all","A+O estimated",0.287494276041044,0.491802831777907,0.570582719677416
30,0.5,"spectra","all","random",0.291806954674253,0.513048780617246,0.570582719677416
1,0.2,"features","half","A",0.680969717370901,0.680969717370901,3.4050557084774e-06
1,0.2,"features","half","A+O robust",0.666703808415645,0.666703808415645,3.4050557084774e-06
1,0.2,"features","half","A+O estimated",0.65903993159775,0.65903993159775,3.4050557084774e-06
1,0.2,"features","half","random",0.670199550950591,0.643880461188908,3.4050557084774e-06
2,0.2,"features","half","A",0.454279729463573,0.474174657654682,0.999996327014058
2,0.2,"features","half","A+O robust",0.490634319568457,0.492809199432188,0.999996327014058
2,0.2,"features","half","A+O estimated",0.429894194208458,0.437807248641387,0.999996327014058
2,0.2,"features","half","random",0.443581162995191,0.445908745824229,0.999996327014058
3,0.2,"features","half","A",0.690494783259024,0.690494783259024,2.48041988699627e-06
3,0.2,"features","half","A+O robust",0.689731324145357,0.689731324145357,2.48041988699627e-06
3,0.2,"features","half","A+O estimated",0.667442978422835,0.667442978422835,2.48041988699627e-06
3,0.2,"features","half","random",0.598247301571912,0.599047070629638,2.48041988699627e-06
4,0.2,"features","half","A",0.702943942647504,0.704528101091447,0.876999372526254
4,0.2,"features","half","A+O robust",0.685094769910966,0.685094769910966,0.876999372526254
4,0.2,"features","half","A+O estimated",0.708153297326723,0.712856885278304,0.876999372526254
4,0.2,"features","half","random",0.63592688866335,0.606603603814811,0.876999372526254
5,0.2,"features","half","A",0.663759000206691,0.682888286232842,0.366463425385593
5,0.2,"features","half","A+O robust",0.653645019781072,0.670112334946998,0.366463425385593
5,0.2,"features","half","A+O estimated",0.650719714939105,0.671531375167513,0.366463425385593
5,0.2,"features","half","random",0.668024998665906,0.686585376855039,0.366463425385593
6,0.2,"features","half","A",0.609683352989679,0.562052982196742,0.999998831525169
6,0.2,"features","half","A+O robust",0.61924673047668,0.602370074521051,0.999998831525169
6,0.2,"features","half","A+O estimated",0.643413211091594,0.627159261131148,0.999998831525169
6,0.2,"features","half","random",0.561321078164477,0.527010769400126,0.999998831525169
7,0.2,"features","half","A",0.666108250755746,0.666914259426348,1.11817093190123e-06
7,0.2,"features","half","A+O robust",0.657624409689098,0.660123028909025,1.11817093190123e-06
7,0.2,"features","half","A+O estimated",0.66767311156948,0.665186197936876,1.11817093190123e-06
7,0.2,"features","half","random",0.660985266100992,0.664399122717132,1.11817093190123e-06
8,0.2,"features","half","A",0.687859216982854,0.687859216982854,0.488118078367733
8,0.2,"features","half","A+O robust",0.67703045678793,0.67703045678793,0.488118078367733
8,0.2,"features","half","A+O estimated",0.684145431042175,0.684145431042175,0.488118078367733
8,0.2,"features","half","random",0.638394894950511,0.641262571729381,0.488118078367733
9,0.2,"features","half","A",0.297527857721646,0.297527857721646,0.000113180634261191
9,0.2,"features","half","A+O robust",0.339104586178083,0.339104586178083,0.000113180634261191
9,0.2,"features","half","A+O estimated",0.344883339393918,0.344883339393918,0.000113180634261191
9,0.2,"features","half","random",0.31036262680768,0.31036262680768,0.000113180634261191
10,0.2,"features","half","A",0.573726403304434,0.573726403304434,0.999992208027153
10,0.2,"features","half","A+O robust",0.589052068814485,0.589052068814485,0.999992208027153
10,0.2,"features","half","A+O estimated",0.593268565299409,0.593268565299409,0.999992208027153
10,0.2,"features","half","random",0.505095855785478,0.500394576991294,0.999992208027153
11,0.2,"features","half","A",0.715214940638568,0.702303550047363,1.70722202867758e-06
11,0.2,"features","half","A+O robust",0.704057675218215,0.669296093565601,1.70722202867758e-06
11,0.2,"features","half","A+O estimated",0.709927092352608,0.687118475900777,1.70722202867758e-06
11,0.2,"features","half","random",0.739062239356017,0.736794352688138,1.70722202867758e-06
12,0.2,"features","half","A",0.631300557794067,0.651277879967942,0.24810023333565
12,0.2,"features","half","A+O robust",0.650345139690733,0.662049708647247,0.24810023333565
12,0.2,"features","half","A+O estimated",0.646415423258049,0.659855244742037,0.24810023333565
12,0.2,"features","half","random",0.624759373470416,0.619380356699135,0.24810023333565
13,0.2,"features","half","A",0.699128489938795,0.709143463239831,0.999997872257296
13,0.2,"features","half","A+O robust",0.684368901734683,0.689258725818607,0.999997872257296
13,0.2,"features","half","A+O estimated",0.660287806738591,0.67329635105607,0.999997872257296
13,0.2,"features","half","random",0.678537216060731,0.671052332500969,0.999997872257296
14,0.2,"features","half","A",0.512696754656849,0.541466477960821,0.5
14,0.2,"features","half","A+O robust",0.500216761960499,0.512570762086301,0.5
14,0.2,"features","half","A+O estimated",0.505854631275893,0.520461533530972,0.5
14,0.2,"features","half","random",0.43506165107732,0.455003696478216,0.5
15,0.2,"features","half","A",0.444210021234116,0.444210021234116,0.359062857375014
15,0.2,"features","half","A+O robust",0.47301567950055,0.47301567950055,0.359062857375014
15,0.2,"features","half","A+O estimated",0.484814900160221,0.484814900160221,0.359062857375014
15,0.2,"features","half","random",0.404171089643239,0.388857406840002,0.359062857375014
16,0.2,"features","half","A",0.564330188736074,0.564330188736074,0.102565192460695
16,0.2,"features","half","A+O robust",0.56689131542158,0.56689131542158,0.102565192460695
16,0.2,"features","half","A+O estimated",0.568952383001865,0.568952383001865,0.102565192460695
16,0.2,"features","half","random",0.546164728912855,0.546164728912855,0.102565192460695
17,0.2,"features","half","A",0.550837171398735,0.550837171398735,2.5189305994174e-06
17,0.2,"features","half","A+O robust",0.55679257189061,0.55679257189061,2.5189305994174e-06
17,0.2,"features","half","A+O estimated",0.570730996337311,0.570730996337311,2.5189305994174e-06
17,0.2,"features","half","random",0.534033398196922,0.538739098714453,2.5189305994174e-06
18,0.2,"features","half","A",0.68559281528463,0.68559281528463,0.999998093314858
18,0.2,"features","half","A+O robust",0.6588469271854,0.663957172547263,0.999998093314858
18,0.2,"features","half","A+O estimated",0.650102236975945,0.650102236975945,0.999998093314858
18,0.2,"features","half","random",0.640437428726022,0.650936522966664,0.999998093314858
19,0.2,"features","half","A",0.537221945185401,0.503809905021746,0.350687307799119
19,0.2,"features","half","A+O robust",0.526684062496771,0.524671523821629,0.350687307799119
19,0.2,"features","half","A+O estimated",0.547287313346907,0.524136578107673,0.350687307799119
19,0.2,"features","half","random",0.537905646218673,0.523464136952435,0.350687307799119
20,0.2,"features","half","A",0.58893023459612,0.58893023459612,0.311482609542473
20,0.2,"features","half","A+O robust",0.624439978372528,0.624439978372528,0.311482609542473
20,0.2,"features","half","A+O estimated",0.610772260047448,0.610772260047448,0.311482609542473
20,0.2,"features","half","random",0.553489622602728,0.553489622602728,0.311482609542473
21,0.2,"features","half","A",0.43035377708319,0.43035377708319,1.07663515815851e-05
21,0.2,"features","half","A+O robust",0.455182736040201,0.455182736040201,1.07663515815851e-05
21,0.2,"features","half","A+O estimated",0.428959072088531,0.428959072088531,1.07663515815851e-05
21,0.2,"features","half","random",0.443782947758071,0.443782947758071,1.07663515815851e-05
22,0.2,"features","half","A",0.625125048188789,0.625125048188789,4.07526342008517e-06
22,0.2,"features","half","A+O robust",0.607470034174035,0.607470034174035,4.07526342008517e-06
22,0.2,"features","half","A+O estimated",0.619275925734263,0.619275925734263,4.07526342008517e-06
22,0.2,"features","half","random",0.611134405030934,0.612772556463153,4.07526342008517e-06
23,0.2,"features","half","A",0.545361360469735,0.545361360469735,0.5
23,0.2,"features","half","A+O robust",0.576574670292312,0.576574670292312,0.5
23,0.2,"features","half","A+O estimated",0.545494817437382,0.545494817437382,0.5
23,0.2,"features","half","random",0.524116114374205,0.524116114374205,0.5
24,0.2,"features","half","A",0.681323731187038,0.681323731187038,0.638007717776428
24,0.2,"features","half","A+O robust",0.680339813288266,0.671383552457183,0.638007717776428
24,0.2,"features","half","A+O estimated",0.672960927295856,0.629646072984506,0.638007717776428
24,0.2,"features","half","random",0.676071223293418,0.662474347226366,0.638007717776428
25,0.2,"features","half","A",0.581647723637144,0.58956803821697,0.0142589839414366
25,0.2,"features","half","A+O robust",0.56518033603194,0.56518033603194,0.0142589839414366
25,0.2,"features","half","A+O estimated",0.614409568895703,0.614409568895703,0.0142589839414366
25,0.2,"features","half","random",0.537573087375283,0.526706889783646,0.0142589839414366
26,0.2,"features","half","A",0.55961227470943,0.55961227470943,4.13203815450741e-06
26,0.2,"features","half","A+O robust",0.564723031674165,0.564723031674165,4.13203815450741e-06
26,0.2,"features","half","A+O estimated",0.586865426452236,0.586865426452236,4.13203815450741e-06
26,0.2,"features","half","random",0.594998374314334,0.605630660839726,4.13203815450741e-06
27,0.2,"features","half","A",0.735150304785653,0.735150304785653,0.431710840272817
27,0.2,"features","half","A+O robust",0.729230825108522,0.729230825108522,0.431710840272817
27,0.2,"features","half","A+O estimated",0.716280911788191,0.716280911788191,0.431710840272817
27,0.2,"features","half","random",0.711370565024228,0.707767985368084,0.431710840272817
28,0.2,"features","half","A",0.741253196290597,0.741253196290597,2.29382159037238e-06
28,0.2,"features","half","A+O robust",0.74782251156776,0.74782251156776,2.29382159037238e-06
28,0.2,"features","half","A+O estimated",0.74191722085638,0.740053666101288,2.29382159037238e-06
28,0.2,"features","half","random",0.739081082977081,0.734873564361747,2.29382159037238e-06
29,0.2,"features","half","A",0.510277580395779,0.510277580395779,0.299262240716984
29,0.2,"features","half","A+O robust",0.477766447618356,0.477766447618356,0.299262240716984
29,0.2,"features","half","A+O estimated",0.490048640876471,0.490048640876471,0.299262240716984
29,0.2,"features","half","random",0.438584018197788,0.437481192483578,0.299262240716984
30,0.2,"features","half","A",0.700896919549598,0.690368091340023,0.493747351265546
30,0.2,"features","half","A+O robust",0.672429385458904,0.665998472898058,0.493747351265546
30,0.2,"features","half","A+O estimated",0.701608310436537,0.668615133483338,0.493747351265546
30,0.2,"features","half","random",0.668810273058837,0.664440497752377,0.493747351265546
1,0.5,"features","half","A",0.597630368165474,0.597630368165474,0.314433332467153
1,0.5,"features","half","A+O robust",0.586425696505325,0.586425696505325,0.314433332467153
1,0.5,"features","half","A+O estimated",0.572564359615437,0.572564359615437,0.314433332467153
1,0.5,"features","half","random",0.571621036980442,0.541643991714405,0.314433332467153
2,0.5,"features","half","A",0.374468548411268,0.470305061080995,0.999995222394897
2,0.5,"features","half","A+O robust",0.431684925669438,0.483143487510701,0.999995222394897
2,0.5,"features","half","A+O estimated",0.38149398734498,0.428859792305781,0.999995222394897
2,0.5,"features","half","random",0.39524013871414,0.42316779641234,0.999995222394897
3,0.5,"features","half","A",0.572513270868112,0.572513270868112,3.8227627458936e-06
3,0.5,"features","half","A+O robust",0.562693481059075,0.562693481059075,3.8227627458936e-06
3,0.5,"features","half","A+O estimated",0.551042777304596,0.551042777304596,3.8227627458936e-06
3,0.5,"features","half","random",0.477308549652608,0.476581608665246,3.8227627458936e-06
4,0.5,"features","half","A",0.573913242501511,0.590289588428411,0.999997521032617
4,0.5,"features","half","A+O robust",0.549169786598938,0.555611632907904,0.999997521032617
4,0.5,"features","half","A+O estimated",0.558803525673969,0.600053123799759,0.999997521032617
4,0.5,"features","half","random",0.503663759304744,0.508551047450998,0.999997521032617
5,0.5,"features","half","A",0.575454981397343,0.620727279297547,0.440518707356398
5,0.5,"features","half","A+O robust",0.558680911611026,0.601309360026035,0.440518707356398
5,0.5,"features","half","A+O estimated",0.560257130462586,0.60362759379286,0.440518707356398
5,0.5,"features","half","random",0.583797196658598,0.618883653229897,0.440518707356398
6,0.5,"features","half","A",0.551666041133219,0.46716654150049,0.999998736792129
6,0.5,"features","half","A+O robust",0.540465426376716,0.4929857684304,0.999998736792129
6,0.5,"features","half","A+O estimated",0.550861738934326,0.468266584841945,0.999998736792129
6,0.5,"features","half","random",0.519192952574556,0.470683204453713,0.999998736792129
7,0.5,"features","half","A",0.611404968476679,0.617690936268557,0.157022377186038
7,0.5,"features","half","A+O robust",0.607172481472331,0.615073548732883,0.157022377186038
7,0.5,"features","half","A+O estimated",0.625889631201741,0.624589168473306,0.157022377186038
7,0.5,"features","half","random",0.622392831488393,0.625656795747863,0.157022377186038
8,0.5,"features","half","A",0.6306673309919,0.639802597180406,0.859267738089129
8,0.5,"features","half","A+O robust",0.626246607380206,0.63717341826496,0.859267738089129
8,0.5,"features","half","A+O estimated",0.613225957154682,0.620119659131904,0.859267738089129
8,0.5,"features","half","random",0.594752259423313,0.616758829366382,0.859267738089129
9,0.5,"features","half","A",0.165056006605373,0.167349798464522,0.999916039672458
9,0.5,"features","half","A+O robust",0.178817164012451,0.182606271017217,0.999916039672458
9,0.5,"features","half","A+O estimated",0.188336838213178,0.180972673167333,0.999916039672458
9,0.5,"features","half","random",0.181188067753468,0.171129318030724,0.999916039672458
10,0.5,"features","half","A",0.473820290042607,0.473820290042607,0.5
10,0.5,"features","half","A+O robust",0.484141930394028,0.484141930394028,0.5
10,0.5,"features","half","A+O estimated",0.509179784921275,0.509179784921275,0.5
10,0.5,"features","half","random",0.397186186181341,0.395036129323769,0.5
11,0.5,"features","half","A",0.677443536920267,0.663790972717896,0.152588655768375
11,0.5,"features","half","A+O robust",0.671127836243886,0.659560291318202,0.152588655768375
11,0.5,"features","half","A+O estimated",0.668985970611767,0.662531766629187,0.152588655768375
11,0.5,"features","half","random",0.684871922213194,0.677797704329209,0.152588655768375
12,0.5,"features","half","A",0.566930168953467,0.593718997003784,0.270422064834914
12,0.5,"features","half","A+O robust",0.590176496532524,0.614421593594505,0.270422064834914
12,0.5,"features","half","A+O estimated",0.579816176637903,0.603063509457874,0.270422064834914
12,0.5,"features","half","random",0.57408346273347,0.570285034030448,0.270422064834914
13,0.5,"features","half","A",0.572996904439594,0.592042159925328,0.999997256069208
13,0.5,"features","half","A+O robust",0.557926889200306,0.581336451538733,0.999997256069208
13,0.5,"features","half","A+O estimated",0.532459456766071,0.572383118120848,0.999997256069208
13,0.5,"features","half","random",0.5578881992509,0.565814432642978,0.999997256069208
14,0.5,"features","half","A",0.445978511261301,0.48117777449582,0.999871302710619
14,0.5,"features","half","A+O robust",0.434870450967875,0.434724902751785,0.999871302710619
14,0.5,"features","half","A+O estimated",0.469086205917416,0.487101046646309,0.999871302710619
14,0.5,"features","half","random",0.376140988593201,0.418902503731206,0.999871302710619
15,0.5,"features","half","A",0.268831809185759,0.268831809185759,0.353957186879158
15,0.5,"features","half","A+O robust",0.306943140520994,0.306943140520994,0.353957186879158
15,0.5,"features","half","A+O estimated",0.320083912241273,0.320083912241273,0.353957186879158
15,0.5,"features","half","random",0.243348648371635,0.240440258150474,0.353957186879158
16,0.5,"features","half","A",0.484445606289801,0.484445606289801,1.74999277109732e-06
16,0.5,"features","half","A+O robust",0.482648087978725,0.482648087978725,1.74999277109732e-06
16,0.5,"features","half","A+O estimated",0.48922106164217,0.502111588581953,1.74999277109732e-06
16,0.5,"features","half","random",0.482345421613368,0.482345421613368,1.74999277109732e-06
17,0.5,"features","half","A",0.380528017512182,0.419860674035913,2.89797624493727e-06
17,0.5,"features","half","A+O robust",0.393800847850132,0.419827357203159,2.89797624493727e-06
17,0.5,"features","half","A+O estimated",0.414612757173033,0.461152150322301,2.89797624493727e-06
17,0.5,"features","half","random",0.3802744435331,0.418138536522613,2.89797624493727e-06
18,0.5,"features","half","A",0.579466172536224,0.607681811653288,0.999998330856244
18,0.5,"features","half","A+O robust",0.572567366749161,0.589207091746865,0.999998330856244
18,0.5,"features","half","A+O estimated",0.562764158736384,0.562764158736384,0.999998330856244
18,0.5,"features","half","random",0.545997552683416,0.5712490034865,0.999998330856244
19,0.5,"features","half","A",0.398475731760975,0.442585390315373,0.0230607172847202
19,0.5,"features","half","A+O robust",0.387619229907678,0.421637417165542,0.0230607172847202
19,0.5,"features","half","A+O estimated",0.417336719922426,0.407538676832359,0.0230607172847202
19,0.5,"features","half","random",0.46341012480595,0.474148287008638,0.0230607172847202
20,0.5,"features","half","A",0.445543645098344,0.445543645098344,6.19632162583432e-06
20,0.5,"features","half","A+O robust",0.491300686964297,0.491300686964297,6.19632162583432e-06
20,0.5,"features","half","A+O estimated",0.455616671267684,0.455616671267684,6.19632162583432e-06
20,0.5,"features","half","random",0.444370930709111,0.447486255775712,6.19632162583432e-06
21,0.5,"features","half","A",0.38448348558127,0.38448348558127,1.03254677260341e-05
21,0.5,"features","half","A+O robust",0.413497329240247,0.413497329240247,1.03254677260341e-05
21,0.5,"features","half","A+O estimated",0.386220888196812,0.386220888196812,1.03254677260341e-05
21,0.5,"features","half","random",0.424302571109399,0.424302571109399,1.03254677260341e-05
22,0.5,"features","half","A",0.461867834583692,0.461867834583692,8.37880363403113e-06
22,0.5,"features","half","A+O robust",0.441676243972144,0.441676243972144,8.37880363403113e-06
22,0.5,"features","half","A+O estimated",0.469237130055889,0.469237130055889,8.37880363403113e-06
22,0.5,"features","half","random",0.48298859217162,0.492852786270116,8.37880363403113e-06
23,0.5,"features","half","A",0.463696905730383,0.463696905730383,6.00445110083297e-05
23,0.5,"features","half","A+O robust",0.487447452061407,0.468086324255308,6.00445110083297e-05
23,0.5,"features","half","A+O estimated",0.421505180043394,0.370939137697786,6.00445110083297e-05
23,0.5,"features","half","random",0.360099422567882,0.338213550532107,6.00445110083297e-05
24,0.5,"features","half","A",0.570147028687284,0.56477932069368,0.946647734178017
24,0.5,"features","half","A+O robust",0.572115542869169,0.563134210337381,0.946647734178017
24,0.5,"features","half","A+O estimated",0.568326031150198,0.518183086964071,0.946647734178017
24,0.5,"features","half","random",0.558737958627578,0.541296655886114,0.946647734178017
25,0.5,"features","half","A",0.533250489835986,0.547571758648706,0.596344098766899
25,0.5,"features","half","A+O robust",0.517758101698012,0.517758101698012,0.596344098766899
25,0.5,"features","half","A+O estimated",0.534579989642467,0.534579989642467,0.596344098766899
25,0.5,"features","half","random",0.477040345724314,0.467016519115772,0.596344098766899
26,0.5,"features","half","A",0.480166018630199,0.480166018630199,2.86721515865322e-06
26,0.5,"features","half","A+O robust",0.469416982393321,0.469416982393321,2.86721515865322e-06
26,0.5,"features","half","A+O estimated",0.505218061742907,0.505218061742907,2.86721515865322e-06
26,0.5,"features","half","random",0.52799715031617,0.548734054215694,2.86721515865322e-06
27,0.5,"features","half","A",0.644446307233093,0.644446307233093,0.392496394168039
27,0.5,"features","half","A+O robust",0.635236611308841,0.635236611308841,0.392496394168039
27,0.5,"features","half","A+O estimated",0.625075567995585,0.638596909563438,0.392496394168039
27,0.5,"features","half","random",0.607312620781215,0.605329166529532,0.392496394168039
28,0.5,"features","half","A",0.638475578063085,0.638475578063085,2.99079047411239e-06
28,0.5,"features","half","A+O robust",0.636570504799313,0.636570504799313,2.99079047411239e-06
28,0.5,"features","half","A+O estimated",0.642425598221768,0.642425598221768,2.99079047411239e-06
28,0.5,"features","half","random",0.63100847771069,0.631426311540946,2.99079047411239e-06
29,0.5,"features","half","A",0.423639307613164,0.423639307613164,0.634016873466161
29,0.5,"features","half","A+O robust",0.389002986471332,0.395684835497899,0.634016873466161
29,0.5,"features","half","A+O estimated",0.412937485718236,0.414103971791244,0.634016873466161
29,0.5,"features","half","random",0.344106278307313,0.342519274820827,0.634016873466161
30,0.5,"features","half","A",0.628152528475435,0.625442091075727,0.513332550415382
30,0.5,"features","half","A+O robust",0.618911047418072,0.60912451676374,0.513332550415382
30,0.5,"features","half","A+O estimated",0.643401194293047,0.627976139430565,0.513332550415382
30,0.5,"features","half","random",0.601489028303427,0.591950296238161,0.513332550415382
1,0.2,"spectra","half","A",0.624110455905759,0.624110455905759,6.26918403817536e-05
1,0.2,"spectra","half","A+O robust",0.640051080689084,0.640051080689084,6.26918403817536e-05
1,0.2,"spectra","half","A+O estimated",0.634660502781396,0.634660502781396,6.26918403817536e-05
1,0.2,"spectra","half","random",0.650688701982663,0.640453653764836,6.26918403817536e-05
2,0.2,"spectra","half","A",0.775560629870657,0.775560629870657,0.199685290836262
2,0.2,"spectra","half","A+O robust",0.727422811226671,0.727422811226671,0.199685290836262
2,0.2,"spectra","half","A+O estimated",0.717901817484356,0.717901817484356,0.199685290836262
2,0.2,"spectra","half","random",0.735273456021313,0.740406100467523,0.199685290836262
3,0.2,"spectra","half","A",0.637449087291373,0.637449087291373,0.0560367498761922
3,0.2,"spectra","half","A+O robust",0.651185944708127,0.651185944708127,0.0560367498761922
3,0.2,"spectra","half","A+O estimated",0.655817966370655,0.655817966370655,0.0560367498761922
3,0.2,"spectra","half","random",0.592338883016107,0.592338883016107,0.0560367498761922
4,0.2,"spectra","half","A",0.619673994767156,0.621196697853863,0.217610373070692
4,0.2,"spectra","half","A+O robust",0.652466866913613,0.638305047460133,0.217610373070692
4,0.2,"spectra","half","A+O estimated",0.633498046993159,0.617616292705164,0.217610373070692
4,0.2,"spectra","half","random",0.640433399228184,0.643196818901317,0.217610373070692
5,0.2,"spectra","half","A",0.662250438471427,0.645904266863598,0.0352524579654349
5,0.2,"spectra","half","A+O robust",0.65008755709023,0.641693802256745,0.0352524579654349
5,0.2,"spectra","half","A+O estimated",0.660457669378985,0.645963885741093,0.0352524579654349
5,0.2,"spectra","half","random",0.650627353083273,0.632843180587938,0.0352524579654349
6,0.2,"spectra","half","A",0.717088253850143,0.717088253850143,2.68825747644581e-06
6,0.2,"spectra","half","A+O robust",0.709276825163811,0.71560726921897,2.68825747644581e-06
6,0.2,"spectra","half","A+O estimated",0.718786146055367,0.718786146055367,2.68825747644581e-06
6,0.2,"spectra","half","random",0.667645044292185,0.669297345243624,2.68825747644581e-06
7,0.2,"spectra","half","A",0.600252546233022,0.59234405871689,1.57463110104032e-06
7,0.2,"spectra","half","A+O robust",0.595314027994585,0.579107048446185,1.57463110104032e-06
7,0.2,"spectra","half","A+O estimated",0.596266349284612,0.59713418358266,1.57463110104032e-06
7,0.2,"spectra","half","random",0.56263695671468,0.56263695671468,1.57463110104032e-06
8,0.2,"spectra","half","A",0.637660093969579,0.631996501250633,0.109850095301787
8,0.2,"spectra","half","A+O robust",0.626701166071391,0.638764403028859,0.109850095301787
8,0.2,"spectra","half","A+O estimated",0.649643957086216,0.649239806517871,0.109850095301787
8,0.2,"spectra","half","random",0.622918710902285,0.623626595878303,0.109850095301787
9,0.2,"spectra","half","A",0.488378643558785,0.488378643558785,0.253901003622084
9,0.2,"spectra","half","A+O robust",0.49929859851626,0.49929859851626,0.253901003622084
9,0.2,"spectra","half","A+O estimated",0.495609262568884,0.495609262568884,0.253901003622084
9,0.2,"spectra","half","random",0.449943077367084,0.462857794695125,0.253901003622084
10,0.2,"spectra","half","A",0.606963886023372,0.606963886023372,0.0583509146366537
10,0.2,"spectra","half","A+O robust",0.631519869610799,0.631519869610799,0.0583509146366537
10,0.2,"spectra","half","A+O estimated",0.632047336174164,0.632047336174164,0.0583509146366537
10,0.2,"spectra","half","random",0.576251776562461,0.576251776562461,0.0583509146366537
11,0.2,"spectra","half","A",0.612442357929553,0.612442357929553,3.17878078614709e-06
11,0.2,"spectra","half","A+O robust",0.561168638869744,0.561168638869744,3.17878078614709e-06
11,0.2,"spectra","half","A+O estimated",0.60628912266697,0.60628912266697,3.17878078614709e-06
11,0.2,"spectra","half","random",0.627420761346572,0.627420761346572,3.17878078614709e-06
12,0.2,"spectra","half","A",0.69546224278812,0.71192407954968,0.114126175447026
12,0.2,"spectra","half","A+O robust",0.677755077894149,0.686164741897298,0.114126175447026
12,0.2,"spectra","half","A+O estimated",0.696149240511892,0.699134831782196,0.114126175447026
12,0.2,"spectra","half","random",0.628064434812583,0.633365969369215,0.114126175447026
13,0.2,"spectra","half","A",0.719102055292012,0.719102055292012,0.5
13,0.2,"spectra","half","A+O robust",0.698621363177882,0.698621363177882,0.5
13,0.2,"spectra","half","A+O estimated",0.673943515887154,0.673943515887154,0.5
13,0.2,"spectra","half","random",0.651905452494866,0.651905452494866,0.5
14,0.2,"spectra","half","A",0.766585305665906,0.766585305665906,0.072762863006292
14,0.2,"spectra","half","A+O robust",0.757267800541561,0.757267800541561,0.072762863006292
14,0.2,"spectra","half","A+O estimated",0.770509657529928,0.770509657529928,0.072762863006292
14,0.2,"spectra","half","random",0.734047966772405,0.703929736778913,0.072762863006292
15,0.2,"spectra","half","A",0.583717560087508,0.583717560087508,2.20984581360005e-06
15,0.2,"spectra","half","A+O robust",0.598509992369322,0.598509992369322,2.20984581360005e-06
15,0.2,"spectra","half","A+O estimated",0.604148174954425,0.604148174954425,2.20984581360005e-06
15,0.2,"spectra","half","random",0.596102405735388,0.596102405735388,2.20984581360005e-06
16,0.2,"spectra","half","A",0.727708891270922,0.727708891270922,0.22146576885073
16,0.2,"spectra","half","A+O robust",0.698784474358746,0.685763644714894,0.22146576885073
16,0.2,"spectra","half","A+O estimated",0.656821580224975,0.656821580224975,0.22146576885073
16,0.2,"spectra","half","random",0.596487375631573,0.596487375631573,0.22146576885073
17,0.2,"spectra","half","A",0.761677001378339,0.75113136337226,0.0512977034697088
17,0.2,"spectra","half","A+O robust",0.756017457039563,0.756017457039563,0.0512977034697088
17,0.2,"spectra","half","A+O estimated",0.763151601441125,0.750406061572186,0.0512977034697088
17,0.2,"spectra","half","random",0.734010575797351,0.733781832489095,0.0512977034697088
18,0.2,"spectra","half","A",0.64569884648094,0.64569884648094,0.0527905463237258
18,0.2,"spectra","half","A+O robust",0.636193242083926,0.636193242083926,0.0527905463237258
18,0.2,"spectra","half","A+O estimated",0.640567199204252,0.640567199204252,0.0527905463237258
18,0.2,"spectra","half","random",0.587727613242522,0.587727613242522,0.0527905463237258
19,0.2,"spectra","half","A",0.350732891724651,0.316204436342303,0.999994954191225
19,0.2,"spectra","half","A+O robust",0.330649109524105,0.317352107661109,0.999994954191225
19,0.2,"spectra","half","A+O estimated",0.363301312438547,0.363301312438547,0.999994954191225
19,0.2,"spectra","half","random",0.42228678516789,0.422911237607042,0.999994954191225
20,0.2,"spectra","half","A",0.395242203415638,0.395242203415638,0.154084118884162
20,0.2,"spectra","half","A+O robust",0.414906384872253,0.414906384872253,0.154084118884162
20,0.2,"spectra","half","A+O estimated",0.423922197192845,0.423922197192845,0.154084118884162
20,0.2,"spectra","half","random",0.438912519391934,0.418358042045411,0.154084118884162
21,0.2,"spectra","half","A",0.302615768839725,0.302615768839725,8.42975532364243e-06
21,0.2,"spectra","half","A+O robust",0.241644772090601,0.241644772090601,8.42975532364243e-06
21,0.2,"spectra","half","A+O estimated",0.243937198687639,0.243937198687639,8.42975532364243e-06
21,0.2,"spectra","half","random",0.302957933432803,0.302957933432803,8.42975532364243e-06
22,0.2,"spectra","half","A",0.667948161371929,0.667948161371929,0.232995604641379
22,0.2,"spectra","half","A+O robust",0.683550046127186,0.683550046127186,0.232995604641379
22,0.2,"spectra","half","A+O estimated",0.664393291176594,0.664393291176594,0.232995604641379
22,0.2,"spectra","half","random",0.623714379937791,0.623714379937791,0.232995604641379
23,0.2,"spectra","half","A",0.66564596501374,0.66564596501374,0.15236463470741
23,0.2,"spectra","half","A+O robust",0.664888462153483,0.71732744992013,0.15236463470741
23,0.2,"spectra","half","A+O estimated",0.679999812543527,0.679999812543527,0.15236463470741
23,0.2,"spectra","half","random",0.621060695227331,0.633885774708575,0.15236463470741
24,0.2,"spectra","half","A",0.494224239864788,0.494224239864788,1.80833321775512e-06
24,0.2,"spectra","half","A+O robust",0.476057456212861,0.476057456212861,1.80833321775512e-06
24,0.2,"spectra","half","A+O estimated",0.525061387668495,0.525061387668495,1.80833321775512e-06
24,0.2,"spectra","half","random",0.462072482740216,0.462072482740216,1.80833321775512e-06
25,0.2,"spectra","half","A",0.570586170241471,0.570586170241471,2.02319901524272e-06
25,0.2,"spectra","half","A+O robust",0.583496755427335,0.583496755427335,2.02319901524272e-06
25,0.2,"spectra","half","A+O estimated",0.576655782603008,0.576655782603008,2.02319901524272e-06
25,0.2,"spectra","half","random",0.607869451047761,0.604812651089074,2.02319901524272e-06
26,0.2,"spectra","half","A",0.592429802069279,0.575647315231746,0.492909079304854
26,0.2,"spectra","half","A+O robust",0.639957244896752,0.640656394075302,0.492909079304854
26,0.2,"spectra","half","A+O estimated",0.621587085567397,0.622649872871847,0.492909079304854
26,0.2,"spectra","half","random",0.595929011290484,0.564918551495284,0.492909079304854
27,0.2,"spectra","half","A",0.725027342150106,0.725027342150106,2.42976107815727e-06
27,0.2,"spectra","half","A+O robust",0.743750295906754,0.743750295906754,2.42976107815727e-06
27,0.2,"spectra","half","A+O estimated",0.727355615870488,0.727355615870488,2.42976107815727e-06
27,0.2,"spectra","half","random",0.703109917033295,0.703109917033295,2.42976107815727e-06
28,0.2,"spectra","half","A",0.614129724292365,0.614129724292365,1.29656729303004e-06
28,0.2,"spectra","half","A+O robust",0.661059832876279,0.661059832876279,1.29656729303004e-06
28,0.2,"spectra","half","A+O estimated",0.647044836268694,0.647044836268694,1.29656729303004e-06
28,0.2,"spectra","half","random",0.564156150080265,0.564156150080265,1.29656729303004e-06
29,0.2,"spectra","half","A",0.56718111656825,0.56718111656825,0.0247688824616639
29,0.2,"spectra","half","A+O robust",0.6383554705981,0.6383554705981,0.0247688824616639
29,0.2,"spectra","half","A+O estimated",0.59319530061028,0.59319530061028,0.0247688824616639
29,0.2,"spectra","half","random",0.579148679169394,0.579148679169394,0.0247688824616639
30,0.2,"spectra","half","A",0.579265159891601,0.558069726056344,0.164202590550511
30,0.2,"spectra","half","A+O robust",0.586636126884103,0.55698574450665,0.164202590550511
30,0.2,"spectra","half","A+O estimated",0.582659429317845,0.563152006016228,0.164202590550511
30,0.2,"spectra","half","random",0.606097545821288,0.583177995170338,0.164202590550511
1,0.5,"spectra","half","A",0.561849541150221,0.561849541150221,0.289486086545327
1,0.5,"spectra","half","A+O robust",0.584644828036404,0.566873587422365,0.289486086545327
1,0.5,"spectra","half","A+O estimated",0.597395998762184,0.604044695743013,0.289486086545327
1,0.5,"spectra","half","random",0.579040963406908,0.575957177101112,0.289486086545327
2,0.5,"spectra","half","A",0.686403631917557,0.737864414824105,0.714835167905908
2,0.5,"spectra","half","A+O robust",0.629599193731874,0.629599193731874,0.714835167905908
2,0.5,"spectra","half","A+O estimated",0.656555578860696,0.722593892123294,0.714835167905908
2,0.5,"spectra","half","random",0.649560708619607,0.681223844776933,0.714835167905908
3,0.5,"spectra","half","A",0.525254666887804,0.525254666887804,0.134934490544503
3,0.5,"spectra","half","A+O robust",0.5225432862791,0.5225432862791,0.134934490544503
3,0.5,"spectra","half","A+O estimated",0.529687105954857,0.529687105954857,0.134934490544503
3,0.5,"spectra","half","random",0.460039418844485,0.467003372033461,0.134934490544503
4,0.5,"spectra","half","A",0.569368777460576,0.610380078548293,0.999991558087818
4,0.5,"spectra","half","A+O robust",0.591983562300435,0.615630734767535,0.999991558087818
4,0.5,"spectra","half","A+O estimated",0.623800389295866,0.567727413741069,0.999991558087818
4,0.5,"spectra","half","random",0.561084423704373,0.591734007359223,0.999991558087818
5,0.5,"spectra","half","A",0.507626986279153,0.50939700824698,0.165673681015351
5,0.5,"spectra","half","A+O robust",0.478781415446611,0.495578524129603,0.165673681015351
5,0.5,"spectra","half","A+O estimated",0.498656583142292,0.518040801843958,0.165673681015351
5,0.5,"spectra","half","random",0.483630340209843,0.471496499866501,0.165673681015351
6,0.5,"spectra","half","A",0.650792040105639,0.652344302339116,2.88458644506157e-06
6,0.5,"spectra","half","A+O robust",0.638603450337212,0.653558235020995,2.88458644506157e-06
6,0.5,"spectra","half","A+O estimated",0.652062128227662,0.657634159375857,2.88458644506157e-06
6,0.5,"spectra","half","random",0.600791804611813,0.612527718032204,2.88458644506157e-06
7,0.5,"spectra","half","A",0.407438451428464,0.429873868715863,1.83286995289233e-06
7,0.5,"spectra","half","A+O robust",0.398795156819672,0.417116767807775,1.83286995289233e-06
7,0.5,"spectra","half","A+O estimated",0.417907040130735,0.45248068033011,1.83286995289233e-06
7,0.5,"spectra","half","random",0.369170792096587,0.373977115415055,1.83286995289233e-06
8,0.5,"spectra","half","A",0.598023899754319,0.609940477652703,0.195174937390085
8,0.5,"spectra","half","A+O robust",0.600544523938094,0.633859549175786,0.195174937390085
8,0.5,"spectra","half","A+O estimated",0.6073201809644,0.629132218558108,0.195174937390085
8,0.5,"spectra","half","random",0.603060204363283,0.623724335507331,0.195174937390085
9,0.5,"spectra","half","A",0.267747538718223,0.320581326078398,0.698672421190887
9,0.5,"spectra","half","A+O robust",0.28902584093619,0.344771406982263,0.698672421190887
9,0.5,"spectra","half","A+O estimated",0.314122324062707,0.363705368246499,0.698672421190887
9,0.5,"spectra","half","random",0.229189703287036,0.287544926615538,0.698672421190887
10,0.5,"spectra","half","A",0.520542338985118,0.520542338985118,0.062282504389879
10,0.5,"spectra","half","A+O robust",0.530937815266235,0.530937815266235,0.062282504389879
10,0.5,"spectra","half","A+O estimated",0.546327131843754,0.546327131843754,0.062282504389879
10,0.5,"spectra","half","random",0.447895122305404,0.45762320767096,0.062282504389879
11,0.5,"spectra","half","A",0.456022878491321,0.456022878491321,5.94411207743912e-06
11,0.5,"spectra","half","A+O robust",0.4047782711912,0.350735523311994,5.94411207743912e-06
11,0.5,"spectra","half","A+O estimated",0.437819573456431,0.437819573456431,5.94411207743912e-06
11,0.5,"spectra","half","random",0.452102067326872,0.443862373331562,5.94411207743912e-06
12,0.5,"spectra","half","A",0.59864622654595,0.632473677719598,0.189974247886323
12,0.5,"spectra","half","A+O robust",0.582114672998026,0.611934317255972,0.189974247886323
12,0.5,"spectra","half","A+O estimated",0.606369560749333,0.632210539903806,0.189974247886323
12,0.5,"spectra","half","random",0.534838594302042,0.598265192114693,0.189974247886323
13,0.5,"spectra","half","A",0.634127718993684,0.634127718993684,0.5
13,0.5,"spectra","half","A+O robust",0.61466727751151,0.61466727751151,0.5
13,0.5,"spectra","half","A+O estimated",0.59725530614343,0.58739995679252,0.5
13,0.5,"spectra","half","random",0.560645868467147,0.5547585534062,0.5
14,0.5,"spectra","half","A",0.69609062574896,0.705582409350271,0.341934238980035
14,0.5,"spectra","half","A+O robust",0.688699107357323,0.696166539176643,0.341934238980035
14,0.5,"spectra","half","A+O estimated",0.686777634925182,0.697554230297761,0.341934238980035
14,0.5,"spectra","half","random",0.655018881141448,0.599775992527556,0.341934238980035
15,0.5,"spectra","half","A",0.447318965478074,0.51578290330619,0.186822662784446
15,0.5,"spectra","half","A+O robust",0.446144329360085,0.446144329360085,0.186822662784446
15,0.5,"spectra","half","A+O estimated",0.451796758407753,0.503600230830511,0.186822662784446
15,0.5,"spectra","half","random",0.444035186757198,0.444035186757198,0.186822662784446
16,0.5,"spectra","half","A",0.673803738288102,0.692192823303154,0.44286999403606
16,0.5,"spectra","half","A+O robust",0.654866062847789,0.667174171661304,0.44286999403606
16,0.5,"spectra","half","A+O estimated",0.627971377082131,0.648885707521171,0.44286999403606
16,0.5,"spectra","half","random",0.530296352217422,0.538223459695819,0.44286999403606
17,0.5,"spectra","half","A",0.675163902641177,0.6779187086722,0.112925613067514
17,0.5,"spectra","half","A+O robust",0.666258975904969,0.666258975904969,0.112925613067514
17,0.5,"spectra","half","A+O estimated",0.677073647101907,0.679922597848119,0.112925613067514
17,0.5,"spectra","half","random",0.623551694867079,0.635425919802862,0.112925613067514
18,0.5,"spectra","half","A",0.551702208106663,0.551702208106663,0.0904530620191084
18,0.5,"spectra","half","A+O robust",0.536406401683752,0.542011211017124,0.0904530620191084
18,0.5,"spectra","half","A+O estimated",0.534203984205897,0.534203984205897,0.0904530620191084
18,0.5,"spectra","half","random",0.491284450596288,0.490933035781222,0.0904530620191084
19,0.5,"spectra","half","A",0.259851793679624,0.268659916066884,0.99999416527972
19,0.5,"spectra","half","A+O robust",0.246135881844944,0.275067411517399,0.99999416527972
19,0.5,"spectra","half","A+O estimated",0.297468249329306,0.379516620885129,0.99999416527972
19,0.5,"spectra","half","random",0.342101392853829,0.382797618925396,0.99999416527972
20,0.5,"spectra","half","A",0.318414004927809,0.286246320341228,0.166934110459934
20,0.5,"spectra","half","A+O robust",0.329470473866242,0.329470473866242,0.166934110459934
20,0.5,"spectra","half","A+O estimated",0.328662308078863,0.328662308078863,0.166934110459934
20,0.5,"spectra","half","random",0.373958725858394,0.344735549153202,0.166934110459934
21,0.5,"spectra","half","A",0.0617279391574816,0.0617279391574816,7.42457571567598e-05
21,0.5,"spectra","half","A+O robust",-0.0128319265382387,0.0792204840132183,7.42457571567598e-05
21,0.5,"spectra","half","A+O estimated",-0.0181274776570172,-0.0181274776570172,7.42457571567598e-05
21,0.5,"spectra","half","random",0.0823583861766536,0.10842735822388,7.42457571567598e-05
22,0.5,"spectra","half","A",0.579930337827534,0.579930337827534,0.879928833406092
22,0.5,"spectra","half","A+O robust",0.598241411045857,0.598241411045857,0.879928833406092
22,0.5,"spectra","half","A+O estimated",0.582406207775349,0.582406207775349,0.879928833406092
22,0.5,"spectra","half","random",0.543501656055363,0.543501656055363,0.879928833406092
23,0.5,"spectra","half","A",0.606659180860787,0.606659180860787,0.151965219749685
23,0.5,"spectra","half","A+O robust",0.604347941050415,0.684034888556362,0.151965219749685
23,0.5,"spectra","half","A+O estimated",0.582796492384109,0.654403024619,0.151965219749685
23,0.5,"spectra","half","random",0.556711597395363,0.573878491089007,0.151965219749685
24,0.5,"spectra","half","A",0.404944739618819,0.42252354045866,1.94074336438024e-06
24,0.5,"spectra","half","A+O robust",0.373890608429413,0.373890608429413,1.94074336438024e-06
24,0.5,"spectra","half","A+O estimated",0.393164977502115,0.393164977502115,1.94074336438024e-06
24,0.5,"spectra","half","random",0.359369652721076,0.370477207248284,1.94074336438024e-06
25,0.5,"spectra","half","A",0.459466187785322,0.459466187785322,0.0631974935896735
25,0.5,"spectra","half","A+O robust",0.448319323933326,0.448319323933326,0.0631974935896735
25,0.5,"spectra","half","A+O estimated",0.44486212935628,0.44486212935628,0.0631974935896735
25,0.5,"spectra","half","random",0.486504603654403,0.494423155288692,0.0631974935896735
26,0.5,"spectra","half","A",0.550414786711792,0.553115927846617,0.465904669504369
26,0.5,"spectra","half","A+O robust",0.583899994171051,0.599694735002966,0.465904669504369
26,0.5,"spectra","half","A+O estimated",0.57497953533134,0.587242052964226,0.465904669504369
26,0.5,"spectra","half","random",0.50802900799898,0.491095484458025,0.465904669504369
27,0.5,"spectra","half","A",0.638587365018861,0.638587365018861,2.82577554010916e-06
27,0.5,"spectra","half","A+O robust",0.664512703099839,0.664512703099839,2.82577554010916e-06
27,0.5,"spectra","half","A+O estimated",0.648828496521069,0.648828496521069,2.82577554010916e-06
27,0.5,"spectra","half","random",0.621551522262225,0.621551522262225,2.82577554010916e-06
28,0.5,"spectra","half","A",0.527893824264696,0.527893824264696,1.46817900342755e-06
28,0.5,"spectra","half","A+O robust",0.572539395678663,0.572539395678663,1.46817900342755e-06
28,0.5,"spectra","half","A+O estimated",0.572453825826997,0.572453825826997,1.46817900342755e-06
28,0.5,"spectra","half","random",0.479916209546637,0.486552630167609,1.46817900342755e-06
29,0.5,"spectra","half","A",0.472319845118474,0.524290764630871,0.0018709218884413
29,0.5,"spectra","half","A+O robust",0.545507055659139,0.608766658522032,0.0018709218884413
29,0.5,"spectra","half","A+O estimated",0.498557148663984,0.556800674958354,0.0018709218884413
29,0.5,"spectra","half","random",0.477631464035851,0.477631464035851,0.0018709218884413
30,0.5,"spectra","half","A",0.50979735691084,0.503482243607583,0.237830064332674
30,0.5,"spectra","half","A+O robust",0.518721546458562,0.486110440558893,0.237830064332674
30,0.5,"spectra","half","A+O estimated",0.52065986493297,0.506619228482083,0.237830064332674
30,0.5,"spectra","half","random",0.538000458079545,0.540412221761038,0.237830064332674
