"share","profiles","coverage","model","random","A","robust_vs_A","t_robust","estimated_vs_A","t_estimated","A_vs_random","share_est","reps"
0.2,"features","all","GBLUP A",0.578120154550964,0.60218718378555,0.00454167400316674,1.09169722967076,-0.00203724149285731,-0.352547230983172,0.0240670292345853,0.269758296202594,30
0.2,"features","all","GBLUP A+O",0.576491549054417,0.598615443859407,0.00735136808157994,1.63256076942116,0.00358382890742883,0.607422951285827,0.02212389480499,0.269758296202594,30
0.5,"features","all","GBLUP A",0.48409278886162,0.502139400383498,0.00784622397888285,1.84035823751167,-0.00194677615463263,-0.30643048814856,0.0180466115218779,0.43164308382266,30
0.5,"features","all","GBLUP A+O",0.5254378086795,0.535569501922757,0.00424356574679112,0.714974576011042,-0.00525773123610432,-0.719677358265661,0.010131693243256,0.43164308382266,30
0.2,"spectra","all","GBLUP A",0.605035570080874,0.627306975016792,0.00158348225751065,0.464395114048686,0.000972253216351257,0.254624136393925,0.0222714049359171,0.145212635049626,30
0.2,"spectra","all","GBLUP A+O",0.608539549105838,0.630437239807017,0.00303963165319233,0.504008910397908,0.00229968399460311,0.379797740139904,0.0218976907011794,0.145212635049626,30
0.5,"spectra","all","GBLUP A",0.505369729115298,0.527691732714896,0.000689585510027117,0.17085366223063,-0.00374728121008645,-1.01799119621663,0.0223220035995978,0.262183818318464,30
0.5,"spectra","all","GBLUP A+O",0.567968991104944,0.579464700467998,0.0108425463671993,1.40970945847796,0.0121452714355051,1.53745992293488,0.0114957093630538,0.262183818318464,30
0.2,"features","half","GBLUP A",0.577709470344173,0.602260576348745,0.000747633601048085,0.200140345423052,0.00179274499284912,0.448667385481512,0.0245511060045724,0.366019840693748,30
0.2,"features","half","GBLUP A+O",0.57431279792416,0.602381045846517,0.000165880873355752,0.0404005518886328,-0.000607332192732036,-0.1237497150625,0.0280682479223572,0.366019840693748,30
0.5,"features","half","GBLUP A",0.487138570628619,0.505852021232833,0.000685053641399317,0.175856276092649,0.00183351039394013,0.457484689238773,0.0187134506042146,0.438466070474332,30
0.5,"features","half","GBLUP A+O",0.489944699931505,0.515051439329048,-0.00328619679912947,-0.846138992017232,-0.00501467167913721,-0.943238563385164,0.0251067393975426,0.438466070474332,30
0.2,"spectra","half","GBLUP A",0.594394649844798,0.61356036120927,0.000859463853705503,0.161315488906572,0.0016190520088586,0.333097409457449,0.0191657113644722,0.138817937937309,30
0.2,"spectra","half","GBLUP A+O",0.591261801580985,0.610394170340742,0.00353267853027754,0.612983275555537,0.00284802825098762,0.542659288354288,0.0191323687597571,0.138817937937309,30
0.5,"spectra","half","GBLUP A",0.488162375125438,0.513931049962101,-0.00285943060724498,-0.521362406193805,0.00239608541665123,0.450138322218383,0.025768674836663,0.269791576202579,30
0.5,"spectra","half","GBLUP A+O",0.496119209215467,0.525880496641274,-0.00169949730769547,-0.21512891574407,0.00577958195636586,0.858631515181017,0.0297612874258067,0.269791576202579,30
