"dataset","N","scenario","rep","n","method","seconds","cdmean","pa","ndcg10"
"Maize",391,"untargeted",1,59,"TSOpt default (v0.5.0)",0.0760000000000001,0.113449375785663,0.475010763192341,0.673622765076888
"Maize",391,"untargeted",1,59,"TSOpt robust CDmean, no stratification",0.131,0.113449375785663,0.475010763192341,0.673622765076888
"Maize",391,"untargeted",1,59,"TSOpt CDmean h2 = 0.5 (one assumed heritability)",0.0909999999999997,0.113184724009215,0.471223005852534,0.672105391836079
"Maize",391,"untargeted",1,59,"TSOpt greedy only",0.0579999999999998,0.112823874089541,0.467463770124023,0.674996769014057
"Maize",391,"untargeted",1,59,"TSOpt greedy + exchange",0.0390000000000001,0.113184724009215,0.471223005852534,0.672105391836079
"Maize",391,"untargeted",1,59,"TSOpt CDmean without fixed intercept",0.065,0.113442162561252,0.469419755326191,0.678533115446473
"Maize",391,"untargeted",1,59,"TSOpt worst-case CD (cdmin)",1.294,0.094964824758373,0.482805724474099,0.713886794633224
"Maize",391,"untargeted",1,59,"TSOpt coverage",0.169,0.107732933534602,0.486429986095059,0.674512286135103
"Maize",391,"untargeted",1,59,"TSOpt D-optimality",0.32,0.0251728836819436,0.516333585491884,0.757248316161518
"Maize",391,"untargeted",1,59,"GA+SA from random start (TrainSel-style)",11.549,0.109888637161895,0.467415839452178,0.677341613812301
"Maize",391,"untargeted",1,59,"STPGA GA (CDMEAN)",167.815,0.101046787248352,0.458553690747425,0.677251409310272
"Maize",391,"untargeted",1,59,"TSDFGS CD",4.626,0.0659162385346848,0.44795737545099,0.669791767510195
"Maize",391,"untargeted",1,59,"TSDFGS r-score",16.59,0.0871392988711773,0.425768060481969,0.680974298709982
"Maize",391,"untargeted",1,59,"Random #1",0,0.0701005049766587,0.4837164223906,0.728979270110748
"Maize",391,"untargeted",1,59,"Random #2",0,0.075941892645722,0.42972643789287,0.703694788760018
"Maize",391,"untargeted",1,59,"Random #3",0,0.0703184540624311,0.468032494770103,0.730556655460113
"Maize",391,"untargeted",1,59,"Random #4",0,0.068911727052767,0.461953802564836,0.689071597353509
"Maize",391,"untargeted",1,59,"Random #5",0,0.0672821764501156,0.447043249233737,0.673186971491448
"Maize",391,"untargeted",1,59,"Stratified random (dataset clusters)",0.000999999999976353,0.0660485147188398,0.416451496909504,0.689668586723482
"Maize",391,"untargeted",1,59,"PAM medoids",0.150999999999982,0.0820626759037659,0.420477161720902,0.716647119640992
"Maize",391,"untargeted",1,59,"Most related to target",0.108000000000004,0.0703756509634296,0.459511825325464,0.648503006686142
"Maize",391,"targeted",1,44,"TSOpt default (v0.5.0)",0.0229999999999961,0.125591715011198,0.382472736433115,0.650636531690481
"Maize",391,"targeted",1,44,"TSOpt robust CDmean, no stratification",0.0169999999999959,0.125591715011198,0.382472736433115,0.650636531690481
"Maize",391,"targeted",1,44,"TSOpt CDmean h2 = 0.5 (one assumed heritability)",0.0300000000000011,0.125740436556998,0.377298298386197,0.650889500097373
"Maize",391,"targeted",1,44,"TSOpt greedy only",0.0100000000000193,0.125740436556998,0.377298298386197,0.650889500097373
"Maize",391,"targeted",1,44,"TSOpt greedy + exchange",0.0149999999999864,0.125740436556998,0.377298298386197,0.650889500097373
"Maize",391,"targeted",1,44,"TSOpt CDmean without fixed intercept",0.0159999999999911,0.125343183764531,0.38903828074613,0.660309712518689
"Maize",391,"targeted",1,44,"TSOpt worst-case CD (cdmin)",0.263999999999982,0.0945212740690095,0.429991608710732,0.675539725274868
"Maize",391,"targeted",1,44,"TSOpt coverage",0.0929999999999893,0.118936257113402,0.403763816310306,0.633332488865454
"Maize",391,"targeted",1,44,"TSOpt D-optimality",0.0960000000000036,0.0197044584368033,0.513091129164966,0.721919063347312
"Maize",391,"targeted",1,44,"GA+SA from random start (TrainSel-style)",3.91300000000001,0.12481878570208,0.39669844547443,0.650763511743004
"Maize",391,"targeted",1,44,"STPGA GA (CDMEAN)",128.132,0.0983052380438567,0.420632327815466,0.710039497380614
"Maize",391,"targeted",1,44,"TSDFGS CD",1.67899999999997,0.0480799907214274,0.39647249066729,0.647298097358085
"Maize",391,"targeted",1,44,"TSDFGS r-score",58.001,0.0944363693432371,0.338653579812639,0.689328241319958
"Maize",391,"targeted",1,44,"Random #1",0,0.0444114015489692,0.49057062613712,0.724256083377474
"Maize",391,"targeted",1,44,"Random #2",0,0.0406846271146933,0.368274077466603,0.695215482371044
"Maize",391,"targeted",1,44,"Random #3",0,0.0593525435286642,0.414004564926806,0.696043792032717
"Maize",391,"targeted",1,44,"Random #4",0,0.0572339641610592,0.52350382532443,0.785104278225734
"Maize",391,"targeted",1,44,"Random #5",0,0.0686345012390405,0.408643402454445,0.644321106581068
"Maize",391,"targeted",1,44,"Stratified random (dataset clusters)",0,0.0609251769080467,0.479853955116772,0.740001311668443
"Maize",391,"targeted",1,44,"PAM medoids",0.10899999999998,0.0633378275844534,0.387636598014224,0.723587340783335
"Maize",391,"targeted",1,44,"Most related to target",0.114999999999952,0.0907501097357739,0.418345259481801,0.649894972995124
"Maize",391,"targeted",2,44,"TSOpt default (v0.5.0)",0.0529999999999973,0.117823471901268,0.461928171368329,0.677318260804563
"Maize",391,"targeted",2,44,"TSOpt robust CDmean, no stratification",0.021000000000015,0.117823471901268,0.461928171368329,0.677318260804563
"Maize",391,"targeted",2,44,"TSOpt CDmean h2 = 0.5 (one assumed heritability)",0.0409999999999968,0.117945526239654,0.463917052367549,0.679904903283277
"Maize",391,"targeted",2,44,"TSOpt greedy only",0.0120000000000005,0.117942048145823,0.466597268583675,0.674106015235685
"Maize",391,"targeted",2,44,"TSOpt greedy + exchange",0.0179999999999723,0.117945526239654,0.463917052367549,0.679904903283277
"Maize",391,"targeted",2,44,"TSOpt CDmean without fixed intercept",0.021000000000015,0.117911098278666,0.454775824128409,0.676315772310459
"Maize",391,"targeted",2,44,"TSOpt worst-case CD (cdmin)",0.230999999999995,0.0900260607141884,0.535872646293936,0.686013649255288
"Maize",391,"targeted",2,44,"TSOpt coverage",0.10899999999998,0.110089453602687,0.481659014905401,0.684296303444757
"Maize",391,"targeted",2,44,"TSOpt D-optimality",0.0649999999999977,0.0229412752281789,0.48706794043542,0.699527352957836
"Maize",391,"targeted",2,44,"GA+SA from random start (TrainSel-style)",4.45400000000001,0.117114099917149,0.470298016290931,0.675577422583166
"Maize",391,"targeted",2,44,"STPGA GA (CDMEAN)",115.354,0.0954536333083694,0.530135229829144,0.695940524937056
"Maize",391,"targeted",2,44,"TSDFGS CD",1.06399999999996,0.046611363788674,0.276753236143602,0.668735258874535
"Maize",391,"targeted",2,44,"TSDFGS r-score",46.6959999999999,0.0910392445302837,0.502101708074033,0.658400418129309
"Maize",391,"targeted",2,44,"Random #1",0,0.0668338444357986,0.47752801642778,0.644038174813404
"Maize",391,"targeted",2,44,"Random #2",0,0.065044383454423,0.399335882139877,0.665085867068478
"Maize",391,"targeted",2,44,"Random #3",0,0.051006357329493,0.4134398865078,0.652441006127421
"Maize",391,"targeted",2,44,"Random #4",0,0.0458782365570974,0.481310766597058,0.693092844859082
"Maize",391,"targeted",2,44,"Random #5",0,0.0751679130546815,0.499707078011426,0.720531486872867
"Maize",391,"targeted",2,44,"Stratified random (dataset clusters)",0.00100000000009004,0.0618661554101893,0.476797113863544,0.678466993257968
"Maize",391,"targeted",2,44,"PAM medoids",0.105999999999995,0.0619102748454326,0.281822940347283,0.688312137002905
"Maize",391,"targeted",2,44,"Most related to target",0.0819999999999936,0.0692281360956292,0.484961386672311,0.678067676686524
"Maize",391,"targeted",3,44,"TSOpt default (v0.5.0)",0.0199999999999818,0.0997884856909528,0.509701494118151,0.691615501960795
"Maize",391,"targeted",3,44,"TSOpt robust CDmean, no stratification",0.0179999999999154,0.0997884856909528,0.509701494118151,0.691615501960795
"Maize",391,"targeted",3,44,"TSOpt CDmean h2 = 0.5 (one assumed heritability)",0.0449999999999591,0.0998107823678612,0.502963693301121,0.68707723682155
"Maize",391,"targeted",3,44,"TSOpt greedy only",0.00900000000001455,0.0998107823678612,0.502963693301121,0.68707723682155
"Maize",391,"targeted",3,44,"TSOpt greedy + exchange",0.0120000000000573,0.0998107823678612,0.502963693301121,0.68707723682155
"Maize",391,"targeted",3,44,"TSOpt CDmean without fixed intercept",0.0180000000000291,0.099623157296051,0.470892887483187,0.680814790563821
"Maize",391,"targeted",3,44,"TSOpt worst-case CD (cdmin)",0.277000000000044,0.0752091176009022,0.521129063531794,0.651163951197266
"Maize",391,"targeted",3,44,"TSOpt coverage",0.100000000000023,0.0915128239908684,0.510738634987606,0.648169503718898
"Maize",391,"targeted",3,44,"TSOpt D-optimality",0.0529999999999973,0.0188421936576077,0.462306817611027,0.661424200489282
"Maize",391,"targeted",3,44,"GA+SA from random start (TrainSel-style)",4.80100000000004,0.0982856596913894,0.482245887875686,0.663517711920161
"Maize",391,"targeted",3,44,"STPGA GA (CDMEAN)",123.139,0.0844125720460654,0.437370521119614,0.664017368320253
"Maize",391,"targeted",3,44,"TSDFGS CD",2.12099999999998,0.0469120762022457,0.502744571042795,0.694251177227435
"Maize",391,"targeted",3,44,"TSDFGS r-score",57.4459999999999,0.0774108863743452,0.408453907754394,0.618379749892964
"Maize",391,"targeted",3,44,"Random #1",0,0.0381954362127008,0.459120821423993,0.68856833387104
"Maize",391,"targeted",3,44,"Random #2",0,0.0527837718059255,0.433717882042519,0.629374752617802
"Maize",391,"targeted",3,44,"Random #3",0,0.0434201011031422,0.49958676106633,0.652807185302095
"Maize",391,"targeted",3,44,"Random #4",0,0.043504000071763,0.519077907036011,0.709719627928329
"Maize",391,"targeted",3,44,"Random #5",0.000999999999976353,0.0427086060910297,0.524382658093437,0.677480382631937
"Maize",391,"targeted",3,44,"Stratified random (dataset clusters)",0.000999999999976353,0.0497698327243413,0.403557269042501,0.570089406560974
"Maize",391,"targeted",3,44,"PAM medoids",0.108999999999924,0.052135115611923,0.40925281666513,0.685044883373284
"Maize",391,"targeted",3,44,"Most related to target",0.0929999999999609,0.0498475997920237,0.460024479304757,0.608979631043136
"Maize",391,"targeted",4,44,"TSOpt default (v0.5.0)",0.0259999999999536,0.133843748314247,0.516748046429621,0.638282036848934
"Maize",391,"targeted",4,44,"TSOpt robust CDmean, no stratification",0.0210000000000719,0.133843748314247,0.516748046429621,0.638282036848934
"Maize",391,"targeted",4,44,"TSOpt CDmean h2 = 0.5 (one assumed heritability)",0.0459999999999354,0.133847994093659,0.505985273801023,0.650475600478135
"Maize",391,"targeted",4,44,"TSOpt greedy only",0.01400000000001,0.133847994093659,0.505985273800912,0.650475600478135
"Maize",391,"targeted",4,44,"TSOpt greedy + exchange",0.0159999999999627,0.133847994093659,0.505985273800912,0.650475600478135
"Maize",391,"targeted",4,44,"TSOpt CDmean without fixed intercept",0.0210000000000719,0.133196631020112,0.498767991665557,0.626211459144926
"Maize",391,"targeted",4,44,"TSOpt worst-case CD (cdmin)",0.275999999999954,0.109041549660612,0.514327059618967,0.634583647615655
"Maize",391,"targeted",4,44,"TSOpt coverage",0.100000000000023,0.121659065590564,0.526074262153328,0.677394329309139
"Maize",391,"targeted",4,44,"TSOpt D-optimality",0.0620000000000118,0.0169840055735087,0.503712178067507,0.682059181526684
"Maize",391,"targeted",4,44,"GA+SA from random start (TrainSel-style)",4.82099999999991,0.13168130724294,0.494922562587063,0.625318877781417
"Maize",391,"targeted",4,44,"STPGA GA (CDMEAN)",118.657,0.115166547737845,0.510674892702376,0.6620443807179
"Maize",391,"targeted",4,44,"TSDFGS CD",1.00100000000009,0.0409450134400522,0.404758372486919,0.680798797715518
"Maize",391,"targeted",4,44,"TSDFGS r-score",39.8910000000001,0.110622246413593,0.473765425535594,0.646039352614421
"Maize",391,"targeted",4,44,"Random #1",0,0.0563557654786921,0.496302038636352,0.615775847814099
"Maize",391,"targeted",4,44,"Random #2",0,0.0506832740278521,0.387382454322938,0.644639676588466
"Maize",391,"targeted",4,44,"Random #3",0,0.0639690107988883,0.377290245049162,0.621178557683773
"Maize",391,"targeted",4,44,"Random #4",0,0.0582060320946881,0.49094658274453,0.618851616188234
"Maize",391,"targeted",4,44,"Random #5",0,0.0564027219617279,0.378842874143523,0.631557169712581
"Maize",391,"targeted",4,44,"Stratified random (dataset clusters)",0,0.0571130816235076,0.447175187072981,0.669955209567516
"Maize",391,"targeted",4,44,"PAM medoids",0.0929999999999609,0.0704036325229615,0.412998230793271,0.716762582206938
"Maize",391,"targeted",4,44,"Most related to target",0.0830000000000837,0.106191203821358,0.370496109942022,0.580593282326651
"Maize",391,"targeted",5,44,"TSOpt default (v0.5.0)",0.0249999999999773,0.118204557918613,0.554872423697393,0.763439927214863
"Maize",391,"targeted",5,44,"TSOpt robust CDmean, no stratification",0.0199999999999818,0.118204557918613,0.554872423697393,0.763439927214863
"Maize",391,"targeted",5,44,"TSOpt CDmean h2 = 0.5 (one assumed heritability)",0.0520000000000209,0.118212723295415,0.551371873118345,0.757592460639799
"Maize",391,"targeted",5,44,"TSOpt greedy only",0.0119999999999436,0.118212723295415,0.551371873118345,0.757592460639799
"Maize",391,"targeted",5,44,"TSOpt greedy + exchange",0.0169999999999391,0.118212723295415,0.551371873118345,0.757592460639799
"Maize",391,"targeted",5,44,"TSOpt CDmean without fixed intercept",0.0219999999999345,0.118059222122392,0.540554409788923,0.731246536150102
"Maize",391,"targeted",5,44,"TSOpt worst-case CD (cdmin)",0.200000000000045,0.0881126806617023,0.504336042295265,0.748654185791953
"Maize",391,"targeted",5,44,"TSOpt coverage",0.0950000000000273,0.109668190516349,0.545262146877982,0.750782125305513
"Maize",391,"targeted",5,44,"TSOpt D-optimality",0.0760000000000218,0.0282227414003388,0.561946745256713,0.841687111552832
"Maize",391,"targeted",5,44,"GA+SA from random start (TrainSel-style)",4.18499999999995,0.118006700899925,0.545016241900183,0.74543176706652
"Maize",391,"targeted",5,44,"STPGA GA (CDMEAN)",91.744,0.0920512407883263,0.547086516963698,0.740913546678648
"Maize",391,"targeted",5,44,"TSDFGS CD",1.08399999999995,0.0471940917573504,0.23563276437087,0.66970139354089
"Maize",391,"targeted",5,44,"TSDFGS r-score",39.523,0.0917504081031882,0.522341546220786,0.718219078047456
"Maize",391,"targeted",5,44,"Random #1",0,0.051109156525145,0.483797340387773,0.725072705074198
"Maize",391,"targeted",5,44,"Random #2",0,0.0416637995577778,0.321512460014491,0.697295549246976
"Maize",391,"targeted",5,44,"Random #3",0,0.0517286374391663,0.399033566193473,0.73856406353367
"Maize",391,"targeted",5,44,"Random #4",0,0.056967418636371,0.351179642638557,0.668503478725186
"Maize",391,"targeted",5,44,"Random #5",0.000999999999976353,0.0447284136011438,0.388447742264004,0.749899982726053
"Maize",391,"targeted",5,44,"Stratified random (dataset clusters)",0,0.0504166126908986,0.520248819410427,0.761797129949448
"Maize",391,"targeted",5,44,"PAM medoids",0.0930000000000746,0.0541654535375741,0.299910601373366,0.716626134021944
"Maize",391,"targeted",5,44,"Most related to target",0.08199999999988,0.0728757861262157,0.568314978745145,0.810548808023289
