"","r","v","pa"
"1",1,"robust",0.202710439846981
"2",1,"g05",0.226275370488898
"3",1,"ex05",0.248414212211568
"4",1,"tabu05",0.253147976757218
"5",1,"tabu02",0.205584164385842
"6",1,"tabu08",0.211425607647241
"7",1,"g02",0.221967762417679
"8",1,"random",0.176029305242391
"9",1,"random",0.229741526556467
"10",1,"random",0.225895765539017
"11",2,"robust",0.281961525636703
"12",2,"g05",0.239707798236009
"13",2,"ex05",0.219821563666101
"14",2,"tabu05",0.212342738277959
"15",2,"tabu02",0.252581066547185
"16",2,"tabu08",0.248869467740049
"17",2,"g02",0.250833502898299
"18",2,"random",0.242713598209264
"19",2,"random",0.222117666950206
"20",2,"random",0.261135778541623
"21",3,"robust",0.207152974523323
"22",3,"g05",0.205643511636655
"23",3,"ex05",0.216041021595947
"24",3,"tabu05",0.209023617023915
"25",3,"tabu02",0.221774131978561
"26",3,"tabu08",0.207074672672325
"27",3,"g02",0.222685784296102
"28",3,"random",0.192474454870405
"29",3,"random",0.230550685689894
"30",3,"random",0.259561875206512
"31",4,"robust",0.261318508248382
"32",4,"g05",0.260743556399101
"33",4,"ex05",0.240161267759008
"34",4,"tabu05",0.264231453143685
"35",4,"tabu02",0.253610207799767
"36",4,"tabu08",0.249472806669287
"37",4,"g02",0.281572477830331
"38",4,"random",0.18380907103103
"39",4,"random",0.244753264011396
"40",4,"random",0.275447499258572
"41",5,"robust",0.230669483461222
"42",5,"g05",0.208934407240806
"43",5,"ex05",0.208034044131272
"44",5,"tabu05",0.162864605025711
"45",5,"tabu02",0.231558691105812
"46",5,"tabu08",0.240129081048915
"47",5,"g02",0.225146906547775
"48",5,"random",0.241477425634099
"49",5,"random",0.186315720755125
"50",5,"random",0.179803623623163
