dataset,method,pa,ndcg10
Maize,Random (published),0.5006,0.6979
Maize,TSOpt (untargeted),0.5205,0.6943
Maize,TSOpt default (targeted),0.5385,0.701
Maize,"TrainSel CDmean (targeted, published)",0.5319,0.6994
Maize,"TrainSel CDmean (untargeted, published)",0.5008,0.6956
Rice,Random (published),0.2942,0.6933
Rice,TSOpt (untargeted),0.3636,0.7315
Rice,TSOpt default (targeted),0.3988,0.7498
Rice,"TrainSel CDmean (targeted, published)",0.4022,0.7505
Rice,"TrainSel CDmean (untargeted, published)",0.3346,0.7192
RicePS,Random (published),0.5675,0.7635
RicePS,TSOpt (untargeted),0.5832,0.7976
RicePS,TSOpt default (targeted),0.621,0.8054
RicePS,"TrainSel CDmean (targeted, published)",0.6117,0.8024
RicePS,"TrainSel CDmean (untargeted, published)",0.5649,0.777
Sorghum,Random (published),0.4374,0.7656
Sorghum,TSOpt (untargeted),0.4729,0.7845
Sorghum,TSOpt default (targeted),0.4888,0.7854
Sorghum,"TrainSel CDmean (targeted, published)",0.4906,0.7866
Sorghum,"TrainSel CDmean (untargeted, published)",0.4456,0.7714
Spruce,Random (published),0.275,0.6689
Spruce,TSOpt (untargeted),0.2906,0.6804
Spruce,TSOpt default (targeted),0.2919,0.6711
Spruce,"TrainSel CDmean (targeted, published)",0.2884,0.67
Spruce,"TrainSel CDmean (untargeted, published)",0.2791,0.6682
Switchgrass,Random (published),0.6934,0.8683
Switchgrass,TSOpt (untargeted),0.7043,0.8721
Switchgrass,TSOpt default (targeted),0.7147,0.8796
Switchgrass,"TrainSel CDmean (targeted, published)",0.7011,0.8703
Switchgrass,"TrainSel CDmean (untargeted, published)",0.6962,0.8677
