comparison,metric,mean,se,wins,units,p_sign
"TSOpt default (targeted) minus TrainSel CDmean (targeted, published)",pa,0.004614695794815907,0.000769640798318632,0.5825,240,1.3029374868185615e-07
"TSOpt default (targeted) minus TrainSel CDmean (targeted, published)",ndcg10,0.0021776172220325496,0.0007515113294115501,0.5191666666666667,240,0.10638806299847331
"TSOpt default (targeted) minus TrainSel CDmean (targeted, published)",cdmean,0.0016375967301155737,0.00015102639356051573,0.7158333333333333,240,5.133762647972838e-10
"TSOpt (untargeted) minus TrainSel CDmean (untargeted, published)",pa,0.01899851349990509,0.0017802249946693447,0.6716666666666666,240,2.911636237635396e-19
"TSOpt (untargeted) minus TrainSel CDmean (untargeted, published)",ndcg10,0.010246959373033873,0.0015031955036681431,0.5875,240,2.9419127278219755e-08
"TSOpt (untargeted) minus TrainSel CDmean (untargeted, published)",cdmean,0.018802784894693288,0.000523463935832778,0.9958333333333333,240,1.131959884853339e-72
TSOpt default (targeted) minus Random (published),pa,0.047576379726584586,0.002934045918276915,0.8075,240,4.795549348663333e-37
TSOpt default (targeted) minus Random (published),ndcg10,0.0224604651964365,0.0021705120874676823,0.6466666666666666,240,1.3532169849625472e-16
TSOpt default (targeted) minus Random (published),cdmean,0.04404891715829372,0.0008350358687089616,1.0,240,1.131959884853339e-72
"TrainSel CDmean (targeted, published) minus Random (published)",pa,0.04296168393176868,0.003025499596954866,0.7633333333333333,240,5.430695505656237e-32
"TrainSel CDmean (targeted, published) minus Random (published)",ndcg10,0.02028284797440395,0.002202976367673593,0.6191666666666666,240,1.198460405377722e-09
"TrainSel CDmean (targeted, published) minus Random (published)",cdmean,0.04241132042817814,0.000930071122911085,1.0,240,1.131959884853339e-72
